search_title,job_url_search
data analyst,http://au.indeed.com/pagead/clk?mo=r&ad=-6NYlbfkN0DveHtaohNZTTr4NJ6iQ6LvBAugsddynFItxJfHbw6F-O3gQvnLG9-eGsy0TvdastQwoXMm3zZlpknmjO1mXqb7TbwaAWLY9MRV1rkEwLC9dXSf9STsXdWhE1LEyRW5TaVrBmP7p5mJKpl_gn3pov9IVesO5m5TNEe4jQp8BDvl03sZVBWrxM3_AbaoG6_C2_TdDqMj4ReeXGTt3J8rQ6GMwImSU_QMwVknkC4GtMrrZClOnZBVJoOs2BIgHABOCMAGSZnYbOpGqdD6MzZLO7-pDaXQwv5UdyKbHvUTKCjG2k5h83hQPqGXKBDUxZC0EaUXqPd3YBEYqlwb_TjmE5i64CS6tyCSbfDZj5N34zNtUt2E0yJEkwGENIlZZKo1yji0vF3qlDUsHx6TyaNOLtDt4WbFntO2W8nBQiY-NC7Rth3b1ABOLJkU3A2MQGufunI=&p=0&fvj=0&vjs=3
data analyst,http://au.indeed.com/pagead/clk?mo=r&ad=-6NYlbfkN0B6X6E7q_eCV_S7ViPJW3zi8RGDzMI-Dp9Vf8vt2biP40H8IU0Gx0LgfA9GJ4NH85yd43LNNT1Inr_eAY8JVsqg2RRPya93gK4X7rJ4zUPsMA5mMBNujn9eJ1zKwcK2Oo6OT7-NGVDoXcfDVSRy7hVVAwaN1KS0ssxupt9ySS3GsUGKRVuT-DMckVDpayqLy1LGYj6mNQUiz9MN7YL58mciBeNJyogu0IkqaUo1uh7rl2ZaZefmKMObLVFTQjl4QIIYTFdWoKIeXs-BdMskUhLucXqRDDX57HQDDzEAAKNNd5RHPmJ8IRuPVL8gDD8sIP8jbf73wJn0SOFgmkLEGJLJa5IXD1QNoxSgwMiLhwyqLPSY_qAjxTQM_D5-vrBirCzhAizHJuvAQp2t8RExQ-Oum9AVcKkcj_On__6CyDm2aQdtW4NOhzjFvWfbPVFCR4-uqQS0zHFbByezhKvWngk5P_-4TuZYf724kA5khaP_rVmXdPCy2TDXLVWdNLS_JREbz67CR44ABAzHOJeV_13063Xnv20spR_Ugy36ru1EmG_m5hI0JXKolWZYQXBX4VjRL9pHASkJ3yoMvPfW_HnHPVDGIiPy7bIzbJTMBWm_ThwgIca5-1MehK2WX12hx9HKLMHw5rD2WyDJAuCGhgaiR8HKDR9Ese1KWaA6_eN4zekgVl9jQxqJCrPXhSHdwc0HN5jleLD3XU30io3kwTPzkeZJsGZi9CBWrx8vOiM8TvCkAasCibw3&p=1&fvj=0&vjs=3
data analyst,http://au.indeed.com/rc/clk?jk=5c172b03ffbfed14&fccid=52628ad139cbe5e1&vjs=3
data analyst,http://au.indeed.com/rc/clk?jk=e82ccf3d08dce7d9&fccid=04c9b139c84ea1b5&vjs=3
data analyst,http://au.indeed.com/company/Carecone-Technologies/jobs/Data-Modeler-Data-Analyst-e649936679c7cc63?fccid=9ff81aef3d015d33&vjs=3
data analyst,http://au.indeed.com/rc/clk?jk=c32a100432ae626b&fccid=3fd7e618c83b6346&vjs=3
data analyst,http://au.indeed.com/rc/clk?jk=d7b5eba89b09cb57&fccid=ac03a1f83ad84e54&vjs=3
data analyst,http://au.indeed.com/rc/clk?jk=4834571a8f62137e&fccid=353eb997fc901045&vjs=3
data analyst,http://au.indeed.com/rc/clk?jk=60ee9919dcfb1e71&fccid=93e5617653014982&vjs=3
data analyst,http://au.indeed.com/rc/clk?jk=bcb9cd6cbf4a25e7&fccid=07de29b5e77ac475&vjs=3
data analyst,http://au.indeed.com/rc/clk?jk=4812a53da27ad729&fccid=353eb997fc901045&vjs=3
data analyst,http://au.indeed.com/rc/clk?jk=6014300b5a74cc5c&fccid=826943be6b77dca3&vjs=3
data analyst,http://au.indeed.com/rc/clk?jk=ff745cb00aa67306&fccid=353eb997fc901045&vjs=3
data analyst,http://au.indeed.com/rc/clk?jk=82ced69e85e831a0&fccid=e1d92f3eaad6a725&vjs=3
data analyst,http://au.indeed.com/company/Orchard/jobs/Data-Analyst-1f7aea53b2389109?fccid=07c16a3999be5e1d&vjs=3
data analyst,http://au.indeed.com/rc/clk?jk=9707c84117a4d154&fccid=f92214393686e821&vjs=3
data analyst,http://au.indeed.com/rc/clk?jk=ff2d504dbceb0a62&fccid=b7b340e3b447ac0d&vjs=3
data analyst,http://au.indeed.com/rc/clk?jk=3fe30b6ec1aefab1&fccid=bbeb8e8337c9a1bd&vjs=3
data analyst,http://au.indeed.com/rc/clk?jk=eab27d2e3979b0f4&fccid=de6ea5e6090aece1&vjs=3
data analyst,http://au.indeed.com/rc/clk?jk=1ff3410f61400823&fccid=e646dd343e21f073&vjs=3
data analyst,http://au.indeed.com/rc/clk?jk=c388562f91e4da88&fccid=bf4f333dc99b55e9&vjs=3
data analyst,http://au.indeed.com/rc/clk?jk=255d858cab8510d5&fccid=ae99b53f2545e1cf&vjs=3
data analyst,http://au.indeed.com/rc/clk?jk=3e04ee0378c72865&fccid=e6d4ba9e2cfe7902&vjs=3
data analyst,http://au.indeed.com/rc/clk?jk=03b74ee7d29b5406&fccid=4ab9ec8f2cd16aaa&vjs=3
data analyst,http://au.indeed.com/rc/clk?jk=672dc9dd7a85dc8f&fccid=088e9f49e7c71ef4&vjs=3
data analyst,http://au.indeed.com/rc/clk?jk=51adb56b66b695fb&fccid=ba35e5cbe4ed4478&vjs=3
data analyst,http://au.indeed.com/company/IT-Alliance-Australia/jobs/Data-Analyst-81524c49d6d56443?fccid=15c48d9f36fa370b&vjs=3
data analyst,http://au.indeed.com/rc/clk?jk=c65ff4471c412dfb&fccid=8bbff9e16a869339&vjs=3
data analyst,http://au.indeed.com/rc/clk?jk=52b68aa6a7ab80cb&fccid=52628ad139cbe5e1&vjs=3
data analyst,http://au.indeed.com/rc/clk?jk=13286344b1f3b4e0&fccid=82e2c70af47d511b&vjs=3
data analyst,http://au.indeed.com/rc/clk?jk=c16119867d1ca89c&fccid=9b873d0da200bad7&vjs=3
data analyst,http://au.indeed.com/rc/clk?jk=a3e1e6ef4e1ca8fc&fccid=07de29b5e77ac475&vjs=3
data analyst,http://au.indeed.com/rc/clk?jk=7e1c95b63be6966c&fccid=45209a07bb73eb16&vjs=3
data analyst,http://au.indeed.com/rc/clk?jk=f7225b6b779e5541&fccid=1544766d4c2915b0&vjs=3
data analyst,http://au.indeed.com/rc/clk?jk=2332f0d582e94abc&fccid=c35dc08dee659e21&vjs=3
data analyst,http://au.indeed.com/rc/clk?jk=c190969b4c61a4cc&fccid=ca2285c3548c3efe&vjs=3
data analyst,http://au.indeed.com/rc/clk?jk=9123910b685b06a9&fccid=1df6e661dcab703f&vjs=3
data analyst,http://au.indeed.com/rc/clk?jk=665516575603fa0e&fccid=033d5c6dd090c8a4&vjs=3
data analyst,http://au.indeed.com/rc/clk?jk=fc2ca869cd9ff3ed&fccid=c4a52ae85df9d502&vjs=3
data analyst,http://au.indeed.com/rc/clk?jk=45152313e38359d6&fccid=e1ebc3811e44451d&vjs=3
data analyst,http://au.indeed.com/rc/clk?jk=ceef09088616cf5c&fccid=312c42bfb3b98b50&vjs=3
data analyst,http://au.indeed.com/rc/clk?jk=58eff908ba93993e&fccid=ac03a1f83ad84e54&vjs=3
data analyst,http://au.indeed.com/rc/clk?jk=e6c94eb747930749&fccid=a79662b358d90a3c&vjs=3
data analyst,http://au.indeed.com/rc/clk?jk=7c4887399f558ca2&fccid=94f8fb30abdf8f96&vjs=3
data analyst,http://au.indeed.com/rc/clk?jk=196fee3de8aed3f4&fccid=0ddd285ee27b130f&vjs=3
data analyst,http://au.indeed.com/rc/clk?jk=e8edbc7c717c31f5&fccid=04bdf85f0d53c42e&vjs=3
data analyst,http://au.indeed.com/rc/clk?jk=036d13e513258188&fccid=3acd1dea12f3f20d&vjs=3
data analyst,http://au.indeed.com/rc/clk?jk=77560983cb27c344&fccid=ca2285c3548c3efe&vjs=3
data analyst,http://au.indeed.com/rc/clk?jk=62f0b3cc2933e0eb&fccid=1544766d4c2915b0&vjs=3
data analyst,http://au.indeed.com/rc/clk?jk=3d272bfcc4483e7b&fccid=8765a4045377753a&vjs=3
data analyst,http://au.indeed.com/rc/clk?jk=7d09feebeb36998b&fccid=1544766d4c2915b0&vjs=3
data analyst,http://au.indeed.com/rc/clk?jk=e925b1211cce7568&fccid=f2b18c97fd28e4b1&vjs=3
data analyst,http://au.indeed.com/pagead/clk?mo=r&ad=-6NYlbfkN0B6X6E7q_eCV_S7ViPJW3zi8RGDzMI-Dp9Vf8vt2biP40H8IU0Gx0LgfA9GJ4NH85yd43LNNT1Inr_eAY8JVsqg2RRPya93gK4X7rJ4zUPsMA5mMBNujn9eJ1zKwcK2Oo6OT7-NGVDoXcfDVSRy7hVVAwaN1KS0ssxupt9ySS3GsUGKRVuT-DMckVDpayqLy1LGYj6mNQUiz9MN7YL58mciBeNJyogu0IkqaUo1uh7rl_Uz1BJrL8I-QwtOIySuHDV-ydPYgtjW7rh8CQEkME5Z5lQC6SMPrUXSbcDNDN2-MUR96NaQ2j9c9DJLlerjfkJ5aUtDEU2ibJrnUUawb8rG3uwbKDu1pK-l0E0eqWonheD8vWK8LjKl46MF90QjvzPFjL1lHSwwXifaF9uFScilqFs5gvoLSMVm9q30cGjzgIoTTv5IT5gsTYTjVb-beJp6owZy5b31IGNXmHhySlH2Mc0GJoGvkWjC3AboHHLEiTMKi19bwzLZ71WcbF-NBeWX7qb2scwvZBm787LMDyHOndwqjVOfvUW1reeq14ypnGeRJT0LqH0Zv_wo_SD8CpJrnjfNp5SHHTVjm-188N44SgOH8xZIrrp6OJh109D4a9vWj8TyNcZPCMrbFwNJBdK4giJkNA1NcYLXKDSLUfnRYhHaQsHivzPji2uD1DPImArkhU9WmgJjl_I4CrzIdDlsyUlke20Cu7tn7KV0VqjLicx2_4cRdIx9TE1rWR6ynTqeyGGuoqf4&p=0&fvj=0&vjs=3
data analyst,http://au.indeed.com/rc/clk?jk=ec15a0d273b99d3e&fccid=f2b18c97fd28e4b1&vjs=3
data analyst,http://au.indeed.com/company/Judo-Capital/jobs/Core-Banking-Data-Analyst-9f9de9dbceae668d?fccid=3e59a096a9411463&vjs=3
data analyst,http://au.indeed.com/rc/clk?jk=0eaf1b47cb70f86e&fccid=aeb15e43a6800b9d&vjs=3
data analyst,http://au.indeed.com/rc/clk?jk=4f7e9e9bf0442482&fccid=734e88fca63788fc&vjs=3
data analyst,http://au.indeed.com/rc/clk?jk=280bd63a75b2ef41&fccid=ca2285c3548c3efe&vjs=3
data analyst,http://au.indeed.com/rc/clk?jk=717a721c9891829a&fccid=bc1c2cdbe5ba9b6f&vjs=3
data analyst,http://au.indeed.com/rc/clk?jk=e75caea91e071ecc&fccid=419a6c9ee87c5319&vjs=3
data analyst,http://au.indeed.com/rc/clk?jk=88d4d8819a300d97&fccid=8524239b088a6649&vjs=3
data analyst,http://au.indeed.com/rc/clk?jk=b9f41f93839e43d5&fccid=f89587519f04b5aa&vjs=3
data analyst,http://au.indeed.com/rc/clk?jk=bf77d3353fb60ac6&fccid=9cb514cc00ee431b&vjs=3
data analyst,http://au.indeed.com/rc/clk?jk=2dc7e4e7a021f288&fccid=1686888d1ca723c8&vjs=3
data analyst,http://au.indeed.com/rc/clk?jk=a1cf90950b759b74&fccid=a909f691c3f93775&vjs=3
data analyst,http://au.indeed.com/rc/clk?jk=590635102addd769&fccid=1686888d1ca723c8&vjs=3
data analyst,http://au.indeed.com/pagead/clk?mo=r&ad=-6NYlbfkN0DveHtaohNZTTr4NJ6iQ6LvBAugsddynFItxJfHbw6F-O3gQvnLG9-eGsy0TvdastQwoXMm3zZlpknmjO1mXqb7TbwaAWLY9MRV1rkEwLC9dXSf9STsXdWhE1LEyRW5TaVrBmP7p5mJKpl_gn3pov9IVesO5m5TNEe4jQp8BDvl0wDlkZKIxJQWJSp5JSwiKI3t9Kw8v0WpzUU10oBaLiz0Gru362jJtMlx9wlOF3UDhQDcAX480Pesv2qIVa786c8P_1cLGz-ve8mPx13U657mjPjDfytxda_SWPvqF-_kHG5dic4hhfW12B8fzNn9gBdTSSkbZLEZuHYzOVQObmSaVT7gKiwX9xkqUPpEsNs9VMcCBmOpk92qySLXRhMw4LWeKDhd45WdNkDzCRFGmlHRBf-wbAmtnAdQhkYGelismftC0w0QRSo-x_WinVexzic=&p=14&fvj=0&vjs=3
data analytics,http://au.indeed.com/rc/clk?jk=6e426ca5c92511d6&fccid=e6d4ba9e2cfe7902&vjs=3
data analytics,http://au.indeed.com/rc/clk?jk=0cabd391afca6dd8&fccid=e6d4ba9e2cfe7902&vjs=3
data analytics,http://au.indeed.com/rc/clk?jk=db05bc5b0c3459d1&fccid=e6d4ba9e2cfe7902&vjs=3
data analytics,http://au.indeed.com/rc/clk?jk=48c546788df984c2&fccid=7442885bc0fa7c14&vjs=3
data analytics,http://au.indeed.com/rc/clk?jk=321aa13a589fc661&fccid=e60642a4b38e634f&vjs=3
data analytics,http://au.indeed.com/rc/clk?jk=96d982c76ecd90b9&fccid=04c9b139c84ea1b5&vjs=3
data analytics,http://au.indeed.com/rc/clk?jk=f2f83ef50978dff9&fccid=0708a7c2dd3bc953&vjs=3
data analytics,http://au.indeed.com/rc/clk?jk=81dfc472b471080b&fccid=2df6a1e69a70a1e7&vjs=3
data analytics,http://au.indeed.com/rc/clk?jk=50e1d4b60266eb1c&fccid=8bbff9e16a869339&vjs=3
data analytics,http://au.indeed.com/rc/clk?jk=d0429b03befc9921&fccid=de71a49b535e21cb&vjs=3
data analytics,http://au.indeed.com/rc/clk?jk=dd81cd3e3fa1c68b&fccid=fe2d21eef233e94a&vjs=3
data analytics,http://au.indeed.com/rc/clk?jk=a2ff554e78a56a04&fccid=26f47cce54403a22&vjs=3
data analytics,http://au.indeed.com/rc/clk?jk=a3c1dbcba972e7dc&fccid=a321096b9f1b3c50&vjs=3
data analytics,http://au.indeed.com/rc/clk?jk=bf6ae0b78108986d&fccid=dd616958bd9ddc12&vjs=3
data analytics,http://au.indeed.com/rc/clk?jk=88d4d8819a300d97&fccid=8524239b088a6649&vjs=3
data analytics,http://au.indeed.com/rc/clk?jk=6b2cc772f840c847&fccid=04c9b139c84ea1b5&vjs=3
data analytics,http://au.indeed.com/rc/clk?jk=8a398d5c7a902304&fccid=93e5617653014982&vjs=3
data analytics,http://au.indeed.com/rc/clk?jk=14080ae17f1248aa&fccid=1544766d4c2915b0&vjs=3
data analytics,http://au.indeed.com/rc/clk?jk=9ddc41a555e39a5d&fccid=a321096b9f1b3c50&vjs=3
data analytics,http://au.indeed.com/rc/clk?jk=bc7f3706d9e98d24&fccid=1544766d4c2915b0&vjs=3
data analytics,http://au.indeed.com/rc/clk?jk=b4e6a3eb6c340d37&fccid=8524239b088a6649&vjs=3
data analytics,http://au.indeed.com/rc/clk?jk=18eb2257345f6240&fccid=1544766d4c2915b0&vjs=3
data analytics,http://au.indeed.com/rc/clk?jk=f344806856ee4962&fccid=1544766d4c2915b0&vjs=3
data analytics,http://au.indeed.com/rc/clk?jk=b0a591d38b9a936c&fccid=26f47cce54403a22&vjs=3
data analytics,http://au.indeed.com/rc/clk?jk=2a59762cef28816f&fccid=fe2d21eef233e94a&vjs=3
business analyst,http://au.indeed.com/pagead/clk?mo=r&ad=-6NYlbfkN0CBGp2i5VAQqA7mBDLgC24oYQm_IoICBHLLDYs9EEgGvTxLWNnNjGfJlfUR4q-ablNWoJ2yZGLivooAKBruG7jatJbpCTpM-0WeRs1WwevCfJfO3d4Hh-7jnmWfHc3BSzPtTV644FQKeS-sNKywcpnMyfMAyh5G_4TXseqK1SUEkhT0n8_NDo3Gg26pAQ-REzDDvPk5jeE5fy_asB0E9Vcvhou8DSxycjI9aOXhP3HND2RpAhNGBwxePOF5qKZeQ9dfsGq4tAj56u6j51Rlh763izZlYl8CKXCBhrOZhVXFH0OMUE3JuAdlz6UVNHM2CIO_MJcRGlIdqeDeMpcQrIM5xFN873CJ-yu-jHDcsLaradRC4or1hwhejmT9Z-kF88vWic36SAdXx5e448PG0INfyWN6yNukdLVBbY7YApLhI-9MbzyBrm-6BPLO30hMfdvvSs-FqHVIlxsSFoTZ_u0nPRfqp-Gb-O8=&p=0&fvj=1&vjs=3
business analyst,http://au.indeed.com/pagead/clk?mo=r&ad=-6NYlbfkN0CfBK3GTIICINv7GdqmIWv2MfWt8g2Arkfw3PiE8573-awOsuxGdBtwp0n8Ct1Wp9CSMR6PdnKA-6iRl-pprKGd3LEq1hFqZwrPsaR_Vrpia1GilMVP1EoMvTgG3iYdNXI1eBVsJrh0HzicCqOjIaHlGsRu5p3wR7GIP8OU2UG9kPebYPl98hGMi1zLwpPey99hXbYKXgFhf_u8Z68rayezSDzeNLibGRkkZ638Ty4mo_aFv5fm8aPxpJ4nh50GSLbQ9rMoX00KWzCKECasgZtq_nh9jkMUHmAt4xydh4trHCBzmzGRzEQ2aenkiAxUZHTaZzLNBI9jQ0epgPOZD5mK8u8Gx_Qchzpblh4mprxvJqZZ2p8fndP3-gvmk4yed4LF_unhmDC1Y0Nlh00oNNFs7u3KP9gFCjZQtdQyQ7-W4O1IhMG3Xl13n0Ygbg_4MxAquMYbXFVmb0B-aJ9lxrJVutMkYlPsWBA=&p=1&fvj=1&vjs=3
business analyst,http://au.indeed.com/pagead/clk?mo=r&ad=-6NYlbfkN0B6X6E7q_eCV_S7ViPJW3zi8RGDzMI-Dp9Vf8vt2biP40H8IU0Gx0LgfA9GJ4NH85zkWCsCTDL9G2hgn97FvufpBEJGe5nWHMg8vspxyCGACVbF6YGbRleD4_GUJm-6e-r0ZInu93tEUNienr884rv5pNawZqfzqQCVnNGlG66OtFsBH6v3Ix5ndS3Q2Uyf3jk1YQKU-CQOxPgNB88PcPLqk-iuyPg8p9nyYFeCJ4f4JqLgpyi0WVaQHq77owhRfQI0KgAg0uDy1PfZl8IBZzmUSuMFvk4p3Zxu2XhBo6zhQmvKjU-yWTygEx8lEpRev-AM2aTB2442Fc2KQBHHlnKjtB0ohdA3atyN7IhtS47tbanhBMPTHlJ7HbwMnN5WAph7Kat6erS_zUiTiWigSRjBZzMZ_ouQ02TXKxh18DIuCwFyxxDf_HGqmCM8c0cycR6y_EOMvXD3SaI0gjM1KTSqUqL0bN-Q4U7L0kX9UvjSdgrmhegyK9tdw-SRe3x5vFOkqYzN6hzdn7IcH6uABJTuLPw-Rd1gJxMr8dKPKU9pigMDPhxyccnOvgTU_XCnvp4qyJ49ec12fAT4aUxmknEtoW-F_wPZiGMx51lYYQWLYI6Fo3gKS9TeU_gM8NRGt1T7ufsu-JCQuAliAzpTi8LsfqhhsbW9b3oaL0BXwRp3d8X_HP_tUgPa&p=2&fvj=0&vjs=3
business analyst,http://au.indeed.com/rc/clk?jk=c30872254abf6f30&fccid=ca2285c3548c3efe&vjs=3
business analyst,http://au.indeed.com/rc/clk?jk=ffc26618ebc04326&fccid=4c220cb07cbe8f45&vjs=3
business analyst,http://au.indeed.com/rc/clk?jk=99ce0e41662fd14e&fccid=c97a47934dfef9d4&vjs=3
business analyst,http://au.indeed.com/rc/clk?jk=37cf9d24f9ec498b&fccid=329d2faba254742f&vjs=3
business analyst,http://au.indeed.com/company/Carecone/jobs/Business-Intelligence-Analyst-080b9b36f99551f6?fccid=f9de6298b7d48cd5&vjs=3
business analyst,http://au.indeed.com/rc/clk?jk=c23a018fbbeac283&fccid=f955469e08e2aaef&vjs=3
business analyst,http://au.indeed.com/rc/clk?jk=0ed341889c3cf706&fccid=26f47cce54403a22&vjs=3
business analyst,http://au.indeed.com/rc/clk?jk=b8f87b6408ea4aa4&fccid=248825069654c3fb&vjs=3
business analyst,http://au.indeed.com/rc/clk?jk=c6a38ed291ddafb2&fccid=f59dc84a9626f8c9&vjs=3
business analyst,http://au.indeed.com/rc/clk?jk=9707c84117a4d154&fccid=f92214393686e821&vjs=3
business analyst,http://au.indeed.com/rc/clk?jk=de73ea872589266e&fccid=65ec42a95157c44a&vjs=3
business analyst,http://au.indeed.com/rc/clk?jk=e2e9b379f5cf37bc&fccid=dc33e8544f10167d&vjs=3
business analyst,http://au.indeed.com/rc/clk?jk=25d451fcb0f9a7bb&fccid=f376ecff880c3849&vjs=3
business analyst,http://au.indeed.com/rc/clk?jk=452b05f50b6e3949&fccid=26f47cce54403a22&vjs=3
business analyst,http://au.indeed.com/rc/clk?jk=abbdfc895ea2912c&fccid=6485868e6c3545cb&vjs=3
business analyst,http://au.indeed.com/rc/clk?jk=8042f616a9caf124&fccid=6485868e6c3545cb&vjs=3
business analyst,http://au.indeed.com/rc/clk?jk=449a7c2c56889606&fccid=9834e576343ebcc2&vjs=3
business analyst,http://au.indeed.com/rc/clk?jk=22995d31c1b22c4c&fccid=8765a4045377753a&vjs=3
business analyst,http://au.indeed.com/rc/clk?jk=4cbdebb925a4c91a&fccid=e60642a4b38e634f&vjs=3
business analyst,http://au.indeed.com/rc/clk?jk=2332f0d582e94abc&fccid=c35dc08dee659e21&vjs=3
business analyst,http://au.indeed.com/rc/clk?jk=64c6496813444f41&fccid=4fa27cf74ed20337&vjs=3
business analyst,http://au.indeed.com/rc/clk?jk=f65f47e28f816007&fccid=145f77b9f76cf553&vjs=3
business analyst,http://au.indeed.com/rc/clk?jk=6a414444c8cf57cf&fccid=2187d710fd27cd06&vjs=3
business analyst,http://au.indeed.com/rc/clk?jk=6449fbdb8931c82e&fccid=3ececcc48496e125&vjs=3
business analyst,http://au.indeed.com/rc/clk?jk=b38f08ccb9bd7c2e&fccid=3acd1dea12f3f20d&vjs=3
business analyst,http://au.indeed.com/company/Tata-Consultancy-Services-(TCS)/jobs/Business-Analyst-8e6560428d865d58?fccid=d9b9208177142548&vjs=3
business analyst,http://au.indeed.com/rc/clk?jk=524288a60eff0a5e&fccid=8765a4045377753a&vjs=3
business analyst,http://au.indeed.com/rc/clk?jk=5615c4071529ab48&fccid=ca2285c3548c3efe&vjs=3
business analyst,http://au.indeed.com/rc/clk?jk=ac74b852287dcee3&fccid=2bb0d4ee03f1e6d1&vjs=3
business analyst,http://au.indeed.com/rc/clk?jk=1eb4cc9ec7314447&fccid=ca2285c3548c3efe&vjs=3
business analyst,http://au.indeed.com/rc/clk?jk=9999ec3fc5f0b694&fccid=cc6e623ce335957a&vjs=3
business analyst,http://au.indeed.com/rc/clk?jk=704b5fa43112f076&fccid=06206ab329e0eb22&vjs=3
business analyst,http://au.indeed.com/rc/clk?jk=219ca05a86784929&fccid=de6ea5e6090aece1&vjs=3
business analyst,http://au.indeed.com/rc/clk?jk=4b16dc971046eefd&fccid=0e46a3697b6826af&vjs=3
business analyst,http://au.indeed.com/company/Altios-Australia/jobs/Ict-Business-Analyst-95fbd705db6d3047?fccid=6000a52a69d39a4a&vjs=3
business analyst,http://au.indeed.com/company/Techmill-Technologies-Pvt-Ltd/jobs/Business-Analyst-e917b418006370d2?fccid=9c8bb679be2f98e5&vjs=3
business analyst,http://au.indeed.com/rc/clk?jk=67da757a9a98ab6f&fccid=942446ab1f441985&vjs=3
business analyst,http://au.indeed.com/rc/clk?jk=53224897270ba013&fccid=906e0ed766138448&vjs=3
business analyst,http://au.indeed.com/rc/clk?jk=9b0c9acfe13e0496&fccid=0afb6a904ac45e45&vjs=3
business analyst,http://au.indeed.com/rc/clk?jk=03a79018329cd26d&fccid=0640f3c6acb56099&vjs=3
business analyst,http://au.indeed.com/rc/clk?jk=776391778096b9ea&fccid=ebf19c49f1ee569b&vjs=3
business analyst,http://au.indeed.com/rc/clk?jk=0668906054ae42db&fccid=26f47cce54403a22&vjs=3
business analyst,http://au.indeed.com/rc/clk?jk=eb96cf7b95d1740c&fccid=596d81c639bb1e01&vjs=3
business analyst,http://au.indeed.com/rc/clk?jk=4de1452a4c2463ef&fccid=c35dc08dee659e21&vjs=3
business analyst,http://au.indeed.com/company/Royal-Australasian-College-of-Dental-Surgeons/jobs/Business-Analyst-bb2e22cfdeec1218?fccid=0bfa41c2af585275&vjs=3
business analyst,http://au.indeed.com/company/Ahaan-Pty-Ltd/jobs/Business-Analyst-f9f2d0e606de1890?fccid=ac8a98160caa4ca2&vjs=3
business analyst,http://au.indeed.com/rc/clk?jk=40cc5f71d1a470a6&fccid=7ab5f4f72fdce966&vjs=3
business analyst,http://au.indeed.com/rc/clk?jk=95eb9f639cb67867&fccid=312c42bfb3b98b50&vjs=3
business analyst,http://au.indeed.com/rc/clk?cmp=Tech-Mahindra&ti=Business+Consultant_261111-ict+Business+Analyst&jk=e226c2004f4de507&fccid=97299926ef79b544&vjs=3
business analyst,http://au.indeed.com/rc/clk?jk=47f105150e27ee4c&fccid=28d036154cd6f6f9&vjs=3
business analyst,http://au.indeed.com/pagead/clk?mo=r&ad=-6NYlbfkN0CfBK3GTIICINv7GdqmIWv2MfWt8g2Arkfw3PiE8573-awOsuxGdBtwp0n8Ct1Wp9CSMR6PdnKA-6iRl-pprKGd3LEq1hFqZwrPsaR_Vrpia1GilMVP1EoMvTgG3iYdNXI1eBVsJrh0HzicCqOjIaHlGsRu5p3wR7GIP8OU2UG9kPebYPl98hGMSti187BEEH1kzcA5jVRVjCj1AVxJJkgnqr85IjyYpinN80JXVLrtcSBtHSRupJ_7sx92VWN9XU7S6drfliWr7cwK8tcWBlECzBr7mlqX9KAyl4DLg7kgdYZBnZRCpFGPTHKEkAFxp9_gfePB3KhYT7gQnhvWG-JowmYvKE_UCmlL1beNFJVDDy51lFbW9QqMw3f6o9UuiwtHyhAfdcQgy6ENC8xPsVS_Z1gbWrdUYOh0O6ytiKS4HOWYT59lcyCCyY02GyMwZAtrDD5x7VddG2r7tZ1kXxqgS1MwxQZqkWc=&p=0&fvj=1&vjs=3
business analyst,http://au.indeed.com/pagead/clk?mo=r&ad=-6NYlbfkN0B6X6E7q_eCV_S7ViPJW3zi8RGDzMI-Dp9Vf8vt2biP40H8IU0Gx0LgfA9GJ4NH85zkWCsCTDL9G2hgn97FvufpBEJGe5nWHMg8vspxyCGACVbF6YGbRleD4_GUJm-6e-r0ZInu93tEUNienr884rv5pNawZqfzqQCVnNGlG66OtFsBH6v3Ix5ndS3Q2Uyf3jk1YQKU-CQOxDg5NVKjjObF3Mek_SETkEqT2J6wLjZ7peHD6RnzNOO8VSY4GKUvIf1Me3xh9-pgzeNypfutezjRNW1jy6b9T7kqsk1SWzhwH7zVAfloZTgeXB0FKA786G5Jckk9K6S3LmKjconAX5ZvLfAFS3cwfAwRKG9W6gl3BRQ0CdGWGsbBbNSnifCuuCZyMZ4G9Z6aGuLkKyZOAN5HfC_1SqOEDzJEvVm9z7Xr5g3G2N7G_wjL54F7DmyYlymE57zO4dlipah6bPWG7RxKhB6gtXVxlQDLLyUhJIPi4dzZsCqwrvAS7BfVTukyDKwCQT08I2_CaawiJeAPjuYq0X5e1Rx7ugwrVfeGuTinVfR9fjomL2SxRyKr_6rQkSu7bartFPafxkNN7mRoX8saDhCp8UXWbAjcRjNUbype1pNXYzJ75hOoptPvF0hxOhFHSvD-o_BLKMGrUToD_DSZkGpIwlH-mzOiqYZKtNIuVfzODeURgupD&p=1&fvj=0&vjs=3
business analyst,http://au.indeed.com/pagead/clk?mo=r&ad=-6NYlbfkN0BZVGCjysuOidKO-D0l2keP00rqomcOIk87MKITIXQwy56si3roxiyC3bQDF9NmJs-NDcLasFON8NH8AgX4inIe4izu2hcqldjgfM8Tk_IEDFckPLcMYheCYdjODo79KZPxDfd3yBnNhWkQxx30U_EidydtsheGYmjBrz2xiy0OS1TLWoVS3_Wmd4iZ9Gp_paXQ-RyuH5gq5F0d16fgqIsJGv_YHbqgeFfYOlBWcHppyASj4-1rfJAjoD_E-OKC-7F7EKdQ6Lm9J1ZHB0LKITdI5PIVhDxYQNgAAW70rRYRe0_rXJOTRSfByohqcGwuHAgXvtmcnigNMG70LeMoF6-iaZQ6c88Bn8TFj6VHdHncZE2HSwrro0fkSdctZu73xBCsyZFcAoxL-DueSlBisFy9XK2Pj7T_NwmwVmvmSsYVhy4BrJtreEcnKwM5h__P1EUzhmzvB2mXdUqZ72hzjrXb-RybcFAgdb7WlUKnSXXCCN9q4BQpc7UWd9Q1kEoq9pkM6I8I-2GOng==&p=2&fvj=1&vjs=3
business analyst,http://au.indeed.com/rc/clk?jk=ef90fc87ff5431f0&fccid=200a825acadb9338&vjs=3
business analyst,http://au.indeed.com/company/IT-Alliance-Australia/jobs/Business-Analyst-0f5e21bb09bf8b49?fccid=15c48d9f36fa370b&vjs=3
business analyst,http://au.indeed.com/rc/clk?jk=ce4885dea4a8129d&fccid=fddb38eafc16e320&vjs=3
business analyst,http://au.indeed.com/rc/clk?jk=14405f774b99cef3&fccid=f753bb1a40104d82&vjs=3
business analyst,http://au.indeed.com/rc/clk?jk=5832b2449a3e8d26&fccid=ac03a1f83ad84e54&vjs=3
business analyst,http://au.indeed.com/rc/clk?jk=555b2d8ca2ee6cdc&fccid=ca2285c3548c3efe&vjs=3
business analyst,http://au.indeed.com/rc/clk?jk=55e6c866d8588c1e&fccid=ffcf7af0113f8804&vjs=3
business analyst,http://au.indeed.com/rc/clk?jk=63bef0acfb6696b6&fccid=7619775507159ff5&vjs=3
business analyst,http://au.indeed.com/rc/clk?jk=8910585915e2a3fe&fccid=1ea0475711674f3b&vjs=3
business analyst,http://au.indeed.com/company/Carecone/jobs/Enterprise-Service-Business-Analyst-f5e0ad99e54a53be?fccid=f9de6298b7d48cd5&vjs=3
business analyst,http://au.indeed.com/rc/clk?jk=3fa0a209eaed9f4c&fccid=ca2285c3548c3efe&vjs=3
business analyst,http://au.indeed.com/rc/clk?jk=1fd4764ec2add703&fccid=dfc44f3b8c44a6db&vjs=3
business analyst,http://au.indeed.com/rc/clk?jk=d9bec51c8fa9b30d&fccid=7e32ab3b2221be50&vjs=3
business analyst,http://au.indeed.com/rc/clk?jk=82f0b4f1aa484b1e&fccid=0708a7c2dd3bc953&vjs=3
business analyst,http://au.indeed.com/rc/clk?jk=1bbe55ec5b109078&fccid=768f64b26159eb20&vjs=3
business analyst,http://au.indeed.com/rc/clk?jk=786b0b1bca583090&fccid=ea26a03c73e2d4e9&vjs=3
business analyst,http://au.indeed.com/rc/clk?jk=a8662ac54a750688&fccid=2e853071bb3920b6&vjs=3
business analyst,http://au.indeed.com/rc/clk?jk=f2e319a5a40e8a9b&fccid=e60642a4b38e634f&vjs=3
business analyst,http://au.indeed.com/rc/clk?jk=2364b819767197dd&fccid=abf42f0edaf8608b&vjs=3
business analyst,http://au.indeed.com/rc/clk?jk=8a4317407f3f2da8&fccid=ebf19c49f1ee569b&vjs=3
business analyst,http://au.indeed.com/rc/clk?jk=58eff908ba93993e&fccid=ac03a1f83ad84e54&vjs=3
business analyst,http://au.indeed.com/rc/clk?jk=b87e190034477da8&fccid=26f47cce54403a22&vjs=3
business analyst,http://au.indeed.com/rc/clk?jk=d439089b5cc8b4f3&fccid=ac03a1f83ad84e54&vjs=3
business analyst,http://au.indeed.com/company/Tata-Consultancy-Services-(TCS)/jobs/Business-Analyst-4388c806321a664d?fccid=d9b9208177142548&vjs=3
business analyst,http://au.indeed.com/rc/clk?jk=d00ea5f73bd9c337&fccid=bfb394bc9a4b4f1e&vjs=3
business analyst,http://au.indeed.com/rc/clk?jk=408fa5435aee0c92&fccid=a82dc9488b6892eb&vjs=3
business analyst,http://au.indeed.com/rc/clk?jk=fc3c056f53b0deb6&fccid=93b83987c93d54d5&vjs=3
business analyst,http://au.indeed.com/rc/clk?jk=61f6400a28c24d56&fccid=c1a0f347a663d34c&vjs=3
business analyst,http://au.indeed.com/rc/clk?jk=854df1d3fc7181e0&fccid=3246c3b19c4495f0&vjs=3
business analyst,http://au.indeed.com/rc/clk?jk=ea27d2f72a2396a6&fccid=8765a4045377753a&vjs=3
business analyst,http://au.indeed.com/rc/clk?jk=b2856e2499b8c1ae&fccid=e6d4ba9e2cfe7902&vjs=3
business analyst,http://au.indeed.com/rc/clk?jk=4780c1ad48c38865&fccid=d6a8f58a17b06cf3&vjs=3
business analyst,http://au.indeed.com/rc/clk?jk=6fa8c088afb54262&fccid=363d27976f5fa667&vjs=3
business analyst,http://au.indeed.com/company/Akaal-Pharma-Pty-Ltd/jobs/Ict-Business-Analyst-6a5b07e885b3847a?fccid=2f435f40fd56c239&vjs=3
business analyst,http://au.indeed.com/rc/clk?jk=ec211c87ce800135&fccid=0708a7c2dd3bc953&vjs=3
business analyst,http://au.indeed.com/rc/clk?jk=ecac6b284be017c9&fccid=074845b98f260985&vjs=3
business analyst,http://au.indeed.com/rc/clk?jk=ef13f303ba48a5a5&fccid=8177021cdb259d9d&vjs=3
business analyst,http://au.indeed.com/company/Academy-of-Entrepreneurs/jobs/Ict-Business-Analyst-ca0e0e1fa8e5dedc?fccid=c39080f20dc1927f&vjs=3
business analyst,http://au.indeed.com/rc/clk?jk=62f0b3cc2933e0eb&fccid=1544766d4c2915b0&vjs=3
business analyst,http://au.indeed.com/rc/clk?jk=38cf95a3fa2098ac&fccid=e86d1f8c23105af8&vjs=3
business analyst,http://au.indeed.com/company/GCI-Consulting-Pty-Ltd/jobs/Temeno-Tap-Business-Analyst-dee044a9bb1c6500?fccid=35b8703280101f15&vjs=3
business analyst,http://au.indeed.com/rc/clk?jk=901276319f0ff5b9&fccid=20ccf33cbd772be0&vjs=3
business analyst,http://au.indeed.com/rc/clk?jk=f95981fbb501b79b&fccid=feb484a8aef310be&vjs=3
business analyst,http://au.indeed.com/company/Akaal-Pharma-Pty-Ltd/jobs/Ict-Business-Analyst-203aafb741a999ec?fccid=2f435f40fd56c239&vjs=3
business analyst,http://au.indeed.com/rc/clk?jk=13919f0363ad0eb0&fccid=c31d832426650aa7&vjs=3
business analyst,http://au.indeed.com/rc/clk?jk=48ab895b0c5e5128&fccid=1072889bdcedcc41&vjs=3
business analyst,http://au.indeed.com/rc/clk?jk=b83ab08020803f18&fccid=033d5c6dd090c8a4&vjs=3
business analyst,http://au.indeed.com/rc/clk?jk=13ffc0214e114009&fccid=0ba2244fbaa16b6c&vjs=3
business analyst,http://au.indeed.com/rc/clk?jk=807f184fdd37c481&fccid=4fa27cf74ed20337&vjs=3
business analyst,http://au.indeed.com/pagead/clk?mo=r&ad=-6NYlbfkN0B6X6E7q_eCV_S7ViPJW3zi8RGDzMI-Dp9Vf8vt2biP40H8IU0Gx0LgfA9GJ4NH85ziXBhdWB5Q33i6geXY7rCK-qIKyAgIbuzMzfR3elUSZXUsdGEuEZ7ZXYbcYTq7lqZZvZKfbYOBmjLXfWWXMc_X-J_TY_ZtnGb-BOjZ0ikVXFyCFA3taq_kRUaWJ2p_tdj8tLGx0IfmzXVB4TSiaq3lnR7Q6Vz6gbQP6OLI3Khn_ZzXx-aLxqJzs7T-IVfvbcbZstruxAezg5DH-WYEuQ06KKRLOLSy7jRJTA59xzp7LHn8aOQHn8k7DAdhNSNlOZiAp265eQh2J-Hsayh1EBzYZ6GSOW1IAapO-siQ5HvTJUPwq7ZwpYhnoLVdys9dqcN6EwSaoNSunYpJXhgBwxhZGorOeY2sq7UfS1UL1Ix5I8ENn9GsE71R4_7klVJgeJf7NPsbnGdYJwQPMHzfsqo0OAikvKksCSAHG77GG2fB6abl2zTqg1KFxxody8yqfmO5_VUCOoMRcpb7baZO0eqTuHdOQelHquVuXC48FdgUeepoMqSy-aG1fL-1AioHE4_1IAkqvYpkmDm66cOLkv8bl0ZRO1RZopFMU_FHFCR98h0dKT2oG0RDxWpbPyqGudIP9WwoDiKeW9QOCe31ePyxh2c5FO2H0qTsNRrwfv6sw9JLffOULDESL6AsFubcNxBsVYBK-CK9Ab744MJAUwYKkKGfAPDlvFI=&p=52&fvj=0&vjs=3
business analyst,http://au.indeed.com/pagead/clk?mo=r&ad=-6NYlbfkN0CBGp2i5VAQqA7mBDLgC24oYQm_IoICBHLLDYs9EEgGvTxLWNnNjGfJlfUR4q-ablNWoJ2yZGLivooAKBruG7jatJbpCTpM-0WeRs1WwevCfJfO3d4Hh-7jnmWfHc3BSzPtTV644FQKeS-sNKywcpnMyfMAyh5G_4TXseqK1SUEkhT0n8_NDo3GvnyCT2JqqMQNUIP_JKCmBS8dbr7JaOMOnBjjmEzv9icEL_KKqj8VaINsSvodksy5OjUSDWZikFYKO_ltdbU-ys46fzZIa5TBI4XyLPbPo3cNGdNTiy7V0BhugnGtFbBqaJc-FeaVnOKWrWfWi7X4FOAJypnGXfwqNehsuOlR1KcB58wIYS5xgU9NHgTIWNji1mB_0mDJhxC75--_rkaZ7yBwjz2_AXVhUIee_kNDJFyMGCMWIPQni9n28cL1qqx40WBjsRwWv7u-PMwvbCPV5hprwgSIHEmjQuQ-w8hLOKo=&p=53&fvj=1&vjs=3
business analyst,http://au.indeed.com/pagead/clk?mo=r&ad=-6NYlbfkN0CBGp2i5VAQqA7mBDLgC24oYQm_IoICBHLLDYs9EEgGvTxLWNnNjGfJlfUR4q-ablNWoJ2yZGLivooAKBruG7jatJbpCTpM-0WeRs1WwevCfJfO3d4Hh-7jnmWfHc3BSzPtTV644FQKeS-sNKywcpnMyfMAyh5G_4TXseqK1SUEkhT0n8_NDo3GKQVIqx8OPrlzJzbM8KHOaH75VIEimkA4KMNPS65Hz-MWxj7wmQksyCayhF8flRgIM4cZTuY7W0UpQQh2qyjUKXrsur3-erlcsA2JptbZzXOVOezXRUo4_2TytwmpQzVq4YbjYVAb-_rM7noT7S1e7doUUa6O0szmbDjjXJ05aUm8R889tr24J-tPcs43Ylv6utizuBW-6kRBY9UliH4dXybrYCYYNaxnFoLBRTMatv0nh3nqlXWgrBclBqnW4pZ75LerZhBtK5NY6XBpy5mJCO80BqSLLtaSktYcM45IMnQ=&p=0&fvj=1&vjs=3
business analyst,http://au.indeed.com/pagead/clk?mo=r&ad=-6NYlbfkN0B6X6E7q_eCV_S7ViPJW3zi8RGDzMI-Dp9Vf8vt2biP40H8IU0Gx0LgfA9GJ4NH85ziXBhdWB5Q33i6geXY7rCK-qIKyAgIbuzMzfR3elUSZXUsdGEuEZ7ZXYbcYTq7lqZZvZKfbYOBmjLXfWWXMc_X-J_TY_ZtnGb-BOjZ0ikVXFyCFA3taq_kRUaWJ2p_tdj8tLGx0IfmzXVB4TSiaq3ltEMa2tTmTVRV4lqRY800ZgRotMRIZQtJVQXZxKq5kETMwFZueyccDGF_jJrXxv37JNQMz1oO592-AO7jKLGxGR6coan7IKBYcpLKUG2cY4ax5RwYbFJoleoveo24idyTrL09jJpjQUygjkNpvJnncmQKF-_2sytlL88Yc3co-rMpY0jGO6nmD3TpwAAS3bzL-HWdxuTwl9QOaBBry49nPKculYhCH8Ivv2DeSYpxrZ2Nt8O6M7ph6qM9Leok6KjHkggJcThGpFAhzCkgusxZ37YEPuq1iVKbBUO7lwr2_roVYevhq45yxZJSMOVPUw5HhtCvJHlHmVPUn_LYLaVg-FuZICHSQTCSrPPnDXSysgGbvDU6o0Rv-fmyv3iKmVMBQX79-afP4rR0Gul81gdcRKWp_IxQ1fWwNGhoBEhjTjzgjbHqpzeBEEGftxPOBH5gWvmzF4qSHPldFFy2rxH63E8e3iWmeHInopu9yaeaE0OXwylTF_xN7F78KB3h5oDdCsjWx1FDajBNsWSupm1CKQ==&p=1&fvj=0&vjs=3
business analyst,http://au.indeed.com/pagead/clk?mo=r&ad=-6NYlbfkN0CdG0mlcq8sM0kM4Z0XjE22y1IvS4TfdSBI7lJNBQS5z42FJC89d1hdeWokCNldpMfExZmZYYJRyi4QXWk2_st_DI-kYhJ0cgnq8V51vLJVnUNPf-W0FVoqN4h36Yf2AICCtM9FZywB2dI5ga0NuikOcln5o5WMedYhZLP9IbOORWz7PJ8hbfp8p9hOraUx3WgT8sfdKj47Vc1DbxASLhrm3UdgiMzsMH5Qp-0QAdNHIBTApfbgo46lrZYbiOJPQ2POWmIUYfAw27dtXR5yN7gl_IqUDBu0GgAVYaI-AdWo7ubVUdc1RTloXOjPHUwQmDzAMeXPvUHXx_OW7ZpkNmh9q7DU67pSAQ58RuZaHCMVnIEzi4qMK3QyUlRZ_b_ykj0BJhthumASsSmyCJ190OSOYGk63p5wDIOVVCNMMmyg88j1BDu5BqQvc2R1UBMRDzkqKF-K-pRUVTSz20AGn9VuLIDHvmU_duXW_QPy5_n4-2YkmPnrjI5UDMBrq0TL9QCVS7cQFcalwuJqd6ZNghZDkeoUL5wiXjW0lB6YjG5gi3uPIgBmF3RCLTGiOkSxt3MPK1aqg2G5f_biN-NJRJPXsu6FKPKEkJU=&p=2&fvj=0&vjs=3
business analyst,http://au.indeed.com/rc/clk?jk=3dcdb3627c6106b5&fccid=f93ac96e98628774&vjs=3
business analyst,http://au.indeed.com/rc/clk?jk=44eea721f7bb9895&fccid=942446ab1f441985&vjs=3
business analyst,http://au.indeed.com/rc/clk?jk=788626b9bceea964&fccid=07cd172ba8178216&vjs=3
business analyst,http://au.indeed.com/rc/clk?jk=cdebd37a63fe54c9&fccid=1ea0475711674f3b&vjs=3
business analyst,http://au.indeed.com/rc/clk?jk=d2808489fedcb643&fccid=8ae0b7118ee883fb&vjs=3
business analyst,http://au.indeed.com/rc/clk?jk=f413fba3e73ea0bb&fccid=b97fe762142888a0&vjs=3
business analyst,http://au.indeed.com/rc/clk?jk=a1546b9c874e4666&fccid=7cfbfbe2c3d013d9&vjs=3
business analyst,http://au.indeed.com/company/Digital-Web-Epxerts/jobs/IT-Business-Analyst-05baaad4af3e0a5a?fccid=fcc55247805f0501&vjs=3
business analyst,http://au.indeed.com/rc/clk?jk=e2d601dbd5d0127f&fccid=1ea0475711674f3b&vjs=3
business analyst,http://au.indeed.com/rc/clk?jk=802c0cf2452b8498&fccid=a71ba7c826202d1b&vjs=3
business analyst,http://au.indeed.com/rc/clk?jk=b7893d290455f002&fccid=f00eb6236f458740&vjs=3
business analyst,http://au.indeed.com/rc/clk?jk=6358c1fb450240a7&fccid=15d440bd8ae40dab&vjs=3
business analyst,http://au.indeed.com/rc/clk?jk=12899ae00ad284fc&fccid=ca2285c3548c3efe&vjs=3
business analyst,http://au.indeed.com/company/IT-Alliance-Australia/jobs/Senior-Business-Analyst-ffd6fcee606e55b2?fccid=15c48d9f36fa370b&vjs=3
business analyst,http://au.indeed.com/rc/clk?jk=5762d0450ed7c35b&fccid=034a60209eabdb95&vjs=3
business analyst,http://au.indeed.com/rc/clk?jk=f9ba28734a947cfb&fccid=a5b4499d9e91a5c6&vjs=3
business analyst,http://au.indeed.com/rc/clk?jk=fb32b1578ca0b4b1&fccid=fa0ca3b638673d62&vjs=3
business analyst,http://au.indeed.com/rc/clk?jk=37fa40bb56873331&fccid=f2b18c97fd28e4b1&vjs=3
business analyst,http://au.indeed.com/rc/clk?jk=315fa755eca336f5&fccid=ac03a1f83ad84e54&vjs=3
business analyst,http://au.indeed.com/rc/clk?jk=9fd4a8fd0d0dcc95&fccid=461dddbaf652c862&vjs=3
business analyst,http://au.indeed.com/rc/clk?jk=d7205052255d29de&fccid=95fa2b94b684ec6b&vjs=3
business analyst,http://au.indeed.com/rc/clk?jk=1bc07e35b088d487&fccid=5a32d591e92e8995&vjs=3
business analyst,http://au.indeed.com/rc/clk?jk=a2f80bc8ff0c182a&fccid=d5e3655b259b8e10&vjs=3
business analyst,http://au.indeed.com/company/The-Glen-Cameron-Group/jobs/IT-Business-Analyst-ea9883dd6d2e009f?fccid=f25eaee3a35cd9a3&vjs=3
business analyst,http://au.indeed.com/rc/clk?jk=cddf1f5cbeae69a9&fccid=8e1b474f7bdc39d3&vjs=3
business analyst,http://au.indeed.com/rc/clk?jk=3cbbeb38b0812503&fccid=3acd1dea12f3f20d&vjs=3
business analyst,http://au.indeed.com/rc/clk?jk=e449b2b42fd6b00e&fccid=033d5c6dd090c8a4&vjs=3
business analyst,http://au.indeed.com/rc/clk?jk=e107895e4d488749&fccid=ac03a1f83ad84e54&vjs=3
business analyst,http://au.indeed.com/rc/clk?jk=46196968473936f6&fccid=de6ea5e6090aece1&vjs=3
business analyst,http://au.indeed.com/rc/clk?jk=73ba91e92faf6231&fccid=1cb592f4d8fc3796&vjs=3
business analyst,http://au.indeed.com/rc/clk?jk=703601139e8237d1&fccid=20ccf33cbd772be0&vjs=3
business analyst,http://au.indeed.com/rc/clk?jk=889ae14b8977fc3e&fccid=3fc328cb138fb494&vjs=3
business analyst,http://au.indeed.com/rc/clk?jk=280bd63a75b2ef41&fccid=ca2285c3548c3efe&vjs=3
business analyst,http://au.indeed.com/rc/clk?jk=a5ab3c1850e097a4&fccid=5bcd1ef0a7f4fb99&vjs=3
business analyst,http://au.indeed.com/rc/clk?jk=c9996ab85df9ac13&fccid=8e1b474f7bdc39d3&vjs=3
business analyst,http://au.indeed.com/rc/clk?jk=b7882bce3dcad6d1&fccid=4ab9ec8f2cd16aaa&vjs=3
business analyst,http://au.indeed.com/rc/clk?jk=cc1b5635137d3edc&fccid=1818d10a60db56b4&vjs=3
business analyst,http://au.indeed.com/rc/clk?jk=3298021a08161d6b&fccid=b09992f0f82e9249&vjs=3
business analyst,http://au.indeed.com/rc/clk?jk=1089c9860dae63cf&fccid=604421444d860b2f&vjs=3
business analyst,http://au.indeed.com/rc/clk?jk=daf085aa0da4082e&fccid=8714d55d88088a28&vjs=3
business analyst,http://au.indeed.com/rc/clk?jk=bc2458118a8a33dd&fccid=f89deb5a97c7738a&vjs=3
business analyst,http://au.indeed.com/rc/clk?jk=516927a55ef581de&fccid=461dddbaf652c862&vjs=3
business analyst,http://au.indeed.com/rc/clk?jk=7888d9cd6c01325e&fccid=ca2285c3548c3efe&vjs=3
business analyst,http://au.indeed.com/rc/clk?jk=d8baeea0feb61493&fccid=327780a9b11e1c44&vjs=3
business analyst,http://au.indeed.com/rc/clk?jk=1daec6e23def442f&fccid=fd35ff097a2f2c7a&vjs=3
business analyst,http://au.indeed.com/rc/clk?jk=e08f79ec6daf6ed0&fccid=c31d832426650aa7&vjs=3
business analyst,http://au.indeed.com/rc/clk?jk=bfbf23b866031238&fccid=b09992f0f82e9249&vjs=3
business analyst,http://au.indeed.com/company/United-Petroleum/jobs/Ict-Business-Analyst-f58eeea025decc31?fccid=e435fc72b2355ec0&vjs=3
business analyst,http://au.indeed.com/pagead/clk?mo=r&ad=-6NYlbfkN0B6X6E7q_eCV_S7ViPJW3zi8RGDzMI-Dp9Vf8vt2biP40H8IU0Gx0LgfA9GJ4NH85zkWCsCTDL9G2hgn97FvufpBEJGe5nWHMg8vspxyCGACVbF6YGbRleD4_GUJm-6e-r0ZInu93tEUNienr884rv5pNawZqfzqQCVnNGlG66OtFsBH6v3Ix5ndS3Q2Uyf3jlAD1R4qQ4U-6nqzr4TPLMw96e_edKA_Nika6k1Yo2wrbXc-QqSFbw1jd5sKx6zHlRYsMbMi72K4KyYuQ_eSBUZgjPAMd5l1LpcJPYgBAK9_1ms1TIT94z6QVIUnHoQS6HHwI62sFGlr6AAq8XTrKLKCCuskmLfPHlfLpRH5lT82jLteu-Ml2VGd_urJ9lY-qtPseF6cWPseVElzd2jSYD1LwE5tUM0fXwhVHoYnAc1EDWT9-zoI2QUexKxu5UPflFz4q9AUYaSpzCiIhMgyVz83gHFFk7LCPknAj5WtKoPOAU5Dum7yTL79x708bBS_bP4HC8wSxDNmG9mg3qN8hyc6ex_SSvuMZUYfC5ZBU-lpzyMFpCGl9YF5vMX3OJPrCYunzmlQmRuPZdCEzkgC3q1LGS3Zzd49MgA2Vg_neBCDJWovmK3tod3e2IlnIIfUJB9SoWd3WsIiRf8zgIYejGvhWlB3KwNa1DjbviKl3CdezTAy-ANsdf1v6BPgXSyvvY=&p=51&fvj=0&vjs=3
business analyst,http://au.indeed.com/pagead/clk?mo=r&ad=-6NYlbfkN0CfBK3GTIICINv7GdqmIWv2MfWt8g2Arkfw3PiE8573-awOsuxGdBtwp0n8Ct1Wp9CSMR6PdnKA-6iRl-pprKGd3LEq1hFqZwrPsaR_Vrpia1GilMVP1EoMvTgG3iYdNXI1eBVsJrh0HzicCqOjIaHlGsRu5p3wR7GIP8OU2UG9kPebYPl98hGMX6y2mRW5yKLT2fKXBm7pzv2Ucz_mANYnd2awV-4oboWLHI67to-W9ip_MMSQceYNALb8x4cVaf50D6Mk8CuA9W9R5xlLZO1fQzu6hkrbayBgRP3VpxyjzZE2gUXwIJDmSHnIJiarBLQ8GSu6DVQ4eBT-fL5xRSPK4VUxyHjPPhSRydDmvhrPwSgTdVtCkUyKLSG7lMQxxtMxjwqSCPCnGARQFs9lOhAsUAVbbBYWhdbNdH95AZsQf17tnQH8gJ0Sv9t5nQcOh62Ut-Is9AKdUj1GB0-W1Jc868wISnGsQ38=&p=52&fvj=1&vjs=3
business analyst,http://au.indeed.com/pagead/clk?mo=r&ad=-6NYlbfkN0BZVGCjysuOidKO-D0l2keP00rqomcOIk87MKITIXQwy56si3roxiyC3bQDF9NmJs-NDcLasFON8NH8AgX4inIe4izu2hcqldjgfM8Tk_IEDFckPLcMYheCYdjODo79KZPxDfd3yBnNhWkQxx30U_EidydtsheGYmjBrz2xiy0OS1TLWoVS3_Wm3p9LktmPIB_2K2bZPV2caozML2QgdpVtx67YWgg3S8w8OM7x0q3fTjCZP3bogTdjg-DkhkC2PHcdttRZWvKgTH9CbCsnBC1AwDc4c1pfr0n7dnjZk75xsCgMVExTKkhF_UQdMjZO_rqMGETVbbHLWfl2dBFD91WbYaODWxotMxn3ihvXb0eNxr5pFtDT4r89NxJcpPFLqyZtE2F_91A_aP2WhFSHpctcDa_4-K2trZQQ4vcbY_K-ICqTesBsiOrD1l0FIs3ChwbgOIxAZA37-3XTJppovcsQttl9pe0d00mJMH74hLCpM6moPJRCiFfF1hsWcea5yrZT3tOtNk4VLQ==&p=53&fvj=1&vjs=3
business analyst,http://au.indeed.com/pagead/clk?mo=r&ad=-6NYlbfkN0CfBK3GTIICINv7GdqmIWv2MfWt8g2Arkfw3PiE8573-awOsuxGdBtwp0n8Ct1Wp9CSMR6PdnKA-6iRl-pprKGd3LEq1hFqZwrPsaR_Vrpia1GilMVP1EoMvTgG3iYdNXI1eBVsJrh0HzicCqOjIaHlGsRu5p3wR7GIP8OU2UG9kPebYPl98hGMZ_1bCBrjfN5VzxpR1naRnOUgXMTylvhVYG_gZG-kWXZiv6Bb58ZI4uUiMEzqH5f2NVplA3yu55-PtP1kPDlWKvX07v_Pmvk_stbn65aYjOdOddOyiH2Kou9l8B8bjNly1vwlgT2rK8GNvcTL2Q1Vl59tTaQ9ghk96C5sZVBG2rVaah3WuwYXE8maVNrYxKccB8WaEpAIWhr06U6P9Cq0wX138PO7laWxlpC-HmjfEIoHuGI1SM0hWvcJLqQ88F0S7ed-O-RX6TbVohKGvvFcTSgvQrC_UnEjEGeCkS06UL8=&p=0&fvj=1&vjs=3
business analyst,http://au.indeed.com/pagead/clk?mo=r&ad=-6NYlbfkN0B6X6E7q_eCV_S7ViPJW3zi8RGDzMI-Dp9Vf8vt2biP40H8IU0Gx0LgfA9GJ4NH85zkWCsCTDL9G2hgn97FvufpBEJGe5nWHMg8vspxyCGACVbF6YGbRleD4_GUJm-6e-r0ZInu93tEUNienr884rv5pNawZqfzqQCVnNGlG66OtFsBH6v3Ix5ndS3Q2Uyf3jk_ez0mMk5FA_97akkHEfYfFG5UahiIOflCQqOL0FQdaIQeq-0xRQ3d526ef5M04r-Wje0zK5sZLm7H83nPInL4rEJpw_Yt3Jhym2YpSoY_M7eOv0MrOpYtH4jFKI8WS7i-iVz6Uu0hLfmeGvitW63rA1ngoweL4MG8A3aPExVS2Ythviqrz4uOG3lpV3YdmuABLvDRMvAmq9ZIKYcPhJzioft6tn-pWosJKuNVbG_X5QbZOp5LuKTyXbslt3-QfHScdWAHWb6spF2F6eW_LeWEQy-_-BXa4pQuzXhfX7BwI0Sj09lmoGhiQQ6n4ZXKk0UsXW1CuXkbCVoeY7b7YGo11LUEzAg7mg-9zr66zNBzbennFuBd3iXqwz7sr6X9JWTCVt_N8pAlnHaGsVdTKzvL39XhOFYuCa9hfugrKDHAKXPeYhEtok3tlqgcYe7CAqGt_dLjkABH1EQdQWaUFBXLlqQhfGlUNGm1Sey5ql46Aapkpk0uMwjbaD_0DH9PRQE=&p=1&fvj=0&vjs=3
business analyst,http://au.indeed.com/pagead/clk?mo=r&ad=-6NYlbfkN0B6X6E7q_eCV_S7ViPJW3zi8RGDzMI-Dp9Vf8vt2biP40H8IU0Gx0LgfA9GJ4NH85ziXBhdWB5Q33i6geXY7rCK-qIKyAgIbuzMzfR3elUSZXUsdGEuEZ7ZXYbcYTq7lqZZvZKfbYOBmjLXfWWXMc_X-J_TY_ZtnGb-BOjZ0ikVXFyCFA3taq_kRUaWJ2p_tdj8tLGx0IfmzXVB4TSiaq3lAWUsSkIYqz6DqnAxKl2b1rMOFb1_kwNxKNxUbnzYH9S28sS0kowaoAfVJ2viGMwuTDDJhcfGqiwfdO2tleXrxsguFjMSOCIQEywdySnrqap3I_4MFrHPJQTa2gQ4zA604tET5euhOoyojUZke5qbSaLuW-8szAKa1fzlDNAEf7Tli7xn6YzMSOPAecsk9L4rVrG2cjBPOV_LqYkHJoeFjp-TzfZohgWsp04X1bjtgbK8RSWg-op3nurBSW797CxVIqQi85c6tQKdf2YjaZHC2an0S7FZYQvZI2KSKDpybYpT-8143STl2hcYb3esFeK4ZvAk5MqyNNRFk4fsg-4Rbxdi6MqTsICSr5OeUgILN9wGPba6iwz3eHHLWZH2UjuCnAi8Kn1zS9Eowz_n5v0PNmNfHP_Wqt8A211yvTpPxiAryeyJSLVaraUS_nAYp2xhOdKrwbqbRnql66aO-5-aviocTajvFBJo8ilZOiDfvTBJTCTdxFd6iHDncJK94nM1xFjZrt-NcfZF-7-Fzo_n2Q==&p=2&fvj=0&vjs=3
business analyst,http://au.indeed.com/rc/clk?jk=d47458c57b7238a2&fccid=ca2285c3548c3efe&vjs=3
business analyst,http://au.indeed.com/rc/clk?jk=4ed6b4c70161f858&fccid=3acd1dea12f3f20d&vjs=3
business analyst,http://au.indeed.com/rc/clk?jk=c604978314487484&fccid=f57ebb285b927222&vjs=3
business analyst,http://au.indeed.com/rc/clk?jk=9b3fb39471de4ef9&fccid=942446ab1f441985&vjs=3
business analyst,http://au.indeed.com/rc/clk?jk=c89439e3620a58f6&fccid=ca2285c3548c3efe&vjs=3
business analyst,http://au.indeed.com/rc/clk?jk=f4066a843eea7a03&fccid=dd15238b0befade9&vjs=3
business analyst,http://au.indeed.com/rc/clk?jk=b9f41f93839e43d5&fccid=f89587519f04b5aa&vjs=3
business analyst,http://au.indeed.com/company/GCI-Consulting/jobs/Senior-Business-Analyst-bb62d720d8cd3670?fccid=da881e7241c12563&vjs=3
business analyst,http://au.indeed.com/rc/clk?jk=7a6637e0c0bb1e93&fccid=0ddd285ee27b130f&vjs=3
business analyst,http://au.indeed.com/rc/clk?jk=cc95b5557a3f6797&fccid=216eb700022de6f6&vjs=3
business analyst,http://au.indeed.com/rc/clk?jk=aaf7f6c91d7fffd3&fccid=e889958f618f2548&vjs=3
business analyst,http://au.indeed.com/rc/clk?jk=22ed8a879fd39cf6&fccid=a4a93a5cf946e3ad&vjs=3
business analyst,http://au.indeed.com/rc/clk?jk=a197098abcf356f1&fccid=1ea0475711674f3b&vjs=3
business analyst,http://au.indeed.com/rc/clk?jk=3b5df48c2e391164&fccid=b3483b9163c519f6&vjs=3
business analyst,http://au.indeed.com/rc/clk?jk=9a6c24284a9859a4&fccid=ed38955ab375f2a5&vjs=3
business analyst,http://au.indeed.com/rc/clk?jk=b806305f70d8ae81&fccid=da5bb590e499792a&vjs=3
business analyst,http://au.indeed.com/rc/clk?jk=e9494e0eeeff3b9e&fccid=53337462c61f67ab&vjs=3
business analyst,http://au.indeed.com/rc/clk?jk=887fa4992a6a38d8&fccid=36f7653257388144&vjs=3
business analyst,http://au.indeed.com/rc/clk?jk=62f59f02c2ccf82a&fccid=0ddd285ee27b130f&vjs=3
business analyst,http://au.indeed.com/rc/clk?jk=473b9d48dec431fd&fccid=979afc4a9812673d&vjs=3
business analyst,http://au.indeed.com/rc/clk?jk=14de8f64a436c9fd&fccid=5a1a9fb9972c67fd&vjs=3
business analyst,http://au.indeed.com/rc/clk?jk=14befb1928bd6cb7&fccid=65c671d9556962f4&vjs=3
business analyst,http://au.indeed.com/rc/clk?jk=45d6e2cf6032e3c7&fccid=9bdcb2848a2a7918&vjs=3
business analyst,http://au.indeed.com/rc/clk?jk=ad76871c4eb96141&fccid=1e93c884664fe635&vjs=3
business analyst,http://au.indeed.com/rc/clk?jk=f89c46beafa12666&fccid=90a0e10044660a52&vjs=3
business analyst,http://au.indeed.com/rc/clk?jk=d1e6ec44392d278e&fccid=5a1a9fb9972c67fd&vjs=3
business analyst,http://au.indeed.com/rc/clk?jk=580a67f28c301957&fccid=7cfbfbe2c3d013d9&vjs=3
business analyst,http://au.indeed.com/rc/clk?jk=c1eda1723ceb243e&fccid=d4a775b51a1e8d49&vjs=3
business analyst,http://au.indeed.com/rc/clk?jk=0f15d2b4e2520435&fccid=bc846c2618f61374&vjs=3
business analyst,http://au.indeed.com/rc/clk?jk=c642ef63a70d390d&fccid=a461707c2f9b371a&vjs=3
business analyst,http://au.indeed.com/company/Business-Analysts-Pty-Ltd/jobs/-8179dec16e7f55f7?fccid=911660c790400ef2&vjs=3
business analyst,http://au.indeed.com/rc/clk?jk=774abcaed70cccda&fccid=d4a775b51a1e8d49&vjs=3
business analyst,http://au.indeed.com/pagead/clk?mo=r&ad=-6NYlbfkN0BZVGCjysuOidKO-D0l2keP00rqomcOIk87MKITIXQwy56si3roxiyC3bQDF9NmJs-NDcLasFON8NH8AgX4inIe4izu2hcqldjgfM8Tk_IEDFckPLcMYheCYdjODo79KZPxDfd3yBnNhWkQxx30U_EidydtsheGYmjBrz2xiy0OS1TLWoVS3_WmJW7yeXcx7WhaRIutl-IPlbxp23WgPmlgrQxQA5g53hdn37hn2b77HD906fs9CDwToR0c_Gpt8ZH_3BTOREnf3U86JyUMq-u93mVbAeunkfEDc_Kf2aEZOCxjv07aMH1iuEAYaueeXnkrFVCzg6gI1kDwjcBkPoRiv5OLRfVkcBZ4sQRFr0ED0ZO7K7mA0vx6Rvjfr89BC1luzy1M9MGYKYpgJV4q-MNpmOPJNxOcPMkUxzjyPXOnkl9W-L9E3BDonZKHxB41tgsJ1-yQ1o0_m2u7NrUcoxP-kgxUJKMkGfCDpwTCdPfhZFDUWdW6F9700iWHWsklV8qhEh4Smm9U0g==&p=35&fvj=1&vjs=3
business analyst,http://au.indeed.com/pagead/clk?mo=r&ad=-6NYlbfkN0CdG0mlcq8sM0kM4Z0XjE22y1IvS4TfdSBI7lJNBQS5z42FJC89d1hdeWokCNldpMfExZmZYYJRyi4QXWk2_st_DI-kYhJ0cgnq8V51vLJVnUNPf-W0FVoqN4h36Yf2AICCtM9FZywB2dI5ga0NuikOcln5o5WMedYhZLP9IbOORSwwZxtlPmUaspfiVi6mM06QGyYWNiZDOFuNL6LeoM1PoF85PIKBEhJVOnCzbIwefJERzakqe4I6WonD53eAS528g6UL3TLCeAzhUi1JDBk3Xee4C-7XMzQDpfr1fq5d6HaSgRNMPYnv7V2XR-k58ISkjObkiSV91dYdHsIfHwyLB6FoI_4pkDAcfFbQUdce_EZWFSbPOpsQCuorZ1lJMnEzyhu-fBBQqFhRfxF4pvpDSHhaXFw0e9yXa0FyRwAjlJVSUcjkxXbwL1lG6W0eKjuZKvHdP8peH9adNL_RjEfxEEte49UJ8Zc5mitDstKgT_xj8v579WMZ1Ckqjee1OF2ds3eiFndTTIeSwcbMde5z3Lz22YgRC03-SAnEPhz2aaPb81q0VNtlcUW71KGrOt2dh1psLOAGPf7SHd4Zmnl2JE1x5ixeKNw=&p=36&fvj=0&vjs=3
business analyst,http://au.indeed.com/pagead/clk?mo=r&ad=-6NYlbfkN0CBGp2i5VAQqA7mBDLgC24oYQm_IoICBHLLDYs9EEgGvTxLWNnNjGfJlfUR4q-ablNWoJ2yZGLivooAKBruG7jatJbpCTpM-0WeRs1WwevCfJfO3d4Hh-7jnmWfHc3BSzPtTV644FQKeS-sNKywcpnMyfMAyh5G_4TXseqK1SUEkhT0n8_NDo3GRkAAJOcpQWuftsR-9YM-68Q8O6bG3cFq7hAiNzP4oTxiEI3GdYhjE9pJ80Btmq0FLIlbXlK5bUzAuFPoeDtCwaRCFaHUPb9sgCPpQQ2oLGyS_m89iQiCB-XMsXDp6ixx5JAniensyg-gn2xLZtp_1ItuT8GTGLMudAWX48Or6bBkJ778CLWRBmrbA--Wrv36LHsJcTL3W-8RswuKzLIcPuUmlbWdN8a_roFr-JxJi53ThX8e0XjoEjZK8KHOX6rTd5QWjiG8bpubr0TcwGw_fN68wHusqMgfO0hbh0OqoVQ=&p=37&fvj=1&vjs=3
business intelligence,http://au.indeed.com/rc/clk?jk=2096c542bd725cc3&fccid=6485868e6c3545cb&vjs=3
business intelligence,http://au.indeed.com/rc/clk?jk=99ce0e41662fd14e&fccid=c97a47934dfef9d4&vjs=3
business intelligence,http://au.indeed.com/company/Carecone/jobs/Business-Intelligence-Analyst-080b9b36f99551f6?fccid=f9de6298b7d48cd5&vjs=3
business intelligence,http://au.indeed.com/rc/clk?jk=25d451fcb0f9a7bb&fccid=f376ecff880c3849&vjs=3
business intelligence,http://au.indeed.com/rc/clk?jk=3add1524841604ab&fccid=8900c670b87f94bc&vjs=3
business intelligence,http://au.indeed.com/rc/clk?jk=0903f4d51ecbd4c2&fccid=d9770e7024862b2a&vjs=3
business intelligence,http://au.indeed.com/rc/clk?jk=4dea4f32325458ff&fccid=5ac2f7cfaa5ac614&vjs=3
business intelligence,http://au.indeed.com/rc/clk?jk=3e46803c40fba1b1&fccid=8900c670b87f94bc&vjs=3
business intelligence,http://au.indeed.com/rc/clk?jk=e5748b4b97117045&fccid=91eb5ed727490301&vjs=3
business intelligence,http://au.indeed.com/rc/clk?jk=2590e2f26d172963&fccid=20ccf33cbd772be0&vjs=3
business intelligence,http://au.indeed.com/rc/clk?jk=37fa40bb56873331&fccid=f2b18c97fd28e4b1&vjs=3
business intelligence,http://au.indeed.com/rc/clk?jk=d7205052255d29de&fccid=95fa2b94b684ec6b&vjs=3
business intelligence,http://au.indeed.com/rc/clk?jk=f816725a08029bed&fccid=f2b18c97fd28e4b1&vjs=3
business intelligence,http://au.indeed.com/rc/clk?jk=cc1b5635137d3edc&fccid=1818d10a60db56b4&vjs=3
business intelligence,http://au.indeed.com/rc/clk?jk=c604978314487484&fccid=f57ebb285b927222&vjs=3
business intelligence,http://au.indeed.com/rc/clk?jk=3ed55fa95b8aaaba&fccid=fe2d21eef233e94a&vjs=3
business intelligence,http://au.indeed.com/rc/clk?jk=ccd3ca68e08779ce&fccid=d90f37a336580e35&vjs=3
business intelligence,http://au.indeed.com/rc/clk?jk=1dda321e37cf8a2e&fccid=8e1b474f7bdc39d3&vjs=3
business intelligence,http://au.indeed.com/rc/clk?jk=dbcaf7745845e131&fccid=a1ff11f7b1116356&vjs=3
data scientist,http://au.indeed.com/rc/clk?jk=5c172b03ffbfed14&fccid=52628ad139cbe5e1&vjs=3
data scientist,http://au.indeed.com/rc/clk?jk=bcd94213b1d468b4&fccid=958c23dcfb7e66c7&vjs=3
data scientist,http://au.indeed.com/rc/clk?jk=55db8b17ac476f3b&fccid=f92214393686e821&vjs=3
data scientist,http://au.indeed.com/rc/clk?jk=9d2015023aa1ed86&fccid=200c1d110e7516f1&vjs=3
data scientist,http://au.indeed.com/rc/clk?jk=93017470c9b289b8&fccid=9e215d88a6b33622&vjs=3
data scientist,http://au.indeed.com/rc/clk?jk=00b2d4a63e31f20d&fccid=18a7374fde10337f&vjs=3
data scientist,http://au.indeed.com/rc/clk?jk=3d8d3093db3cf97b&fccid=958c23dcfb7e66c7&vjs=3
data scientist,http://au.indeed.com/rc/clk?jk=0180841e750ea80e&fccid=c35dc08dee659e21&vjs=3
data scientist,http://au.indeed.com/rc/clk?jk=c253004cd914c61e&fccid=15548447ec7007e4&vjs=3
data scientist,http://au.indeed.com/rc/clk?jk=5bd08f01704cceb6&fccid=0ddd285ee27b130f&vjs=3
data scientist,http://au.indeed.com/rc/clk?jk=d2248175490bc5c0&fccid=d3db4f770a44ca9f&vjs=3
data scientist,http://au.indeed.com/rc/clk?jk=0c4697f149328147&fccid=958c23dcfb7e66c7&vjs=3
data scientist,http://au.indeed.com/rc/clk?jk=aed6f457c0c4358a&fccid=c7a8c49ae987cecb&vjs=3
data scientist,http://au.indeed.com/rc/clk?jk=6c5158a6cadb964a&fccid=60540559abc413a9&vjs=3
data scientist,http://au.indeed.com/rc/clk?jk=52b68aa6a7ab80cb&fccid=52628ad139cbe5e1&vjs=3
data scientist,http://au.indeed.com/rc/clk?jk=c6086ef482ba1f72&fccid=c7a8c49ae987cecb&vjs=3
data scientist,http://au.indeed.com/rc/clk?jk=db05bc5b0c3459d1&fccid=e6d4ba9e2cfe7902&vjs=3
data scientist,http://au.indeed.com/rc/clk?jk=0a175ee5c8df60ac&fccid=105ecfd0283f415f&vjs=3
data scientist,http://au.indeed.com/rc/clk?jk=100aa24ebca66504&fccid=83d74f7ee3319e2f&vjs=3
data scientist,http://au.indeed.com/rc/clk?jk=a1c6388ac3f46e0e&fccid=034a60209eabdb95&vjs=3
data scientist,http://au.indeed.com/rc/clk?jk=c4d253bc4d068b55&fccid=f376ecff880c3849&vjs=3
data scientist,http://au.indeed.com/rc/clk?jk=cdeb94c4a76f9e65&fccid=e6d4ba9e2cfe7902&vjs=3
data scientist,http://au.indeed.com/rc/clk?jk=c1bd557ab648709d&fccid=0bf7be4107f4ec81&vjs=3
data scientist,http://au.indeed.com/rc/clk?jk=bedef7f67b6cc9de&fccid=cd22d01053af7669&vjs=3
data scientist,http://au.indeed.com/rc/clk?jk=195ceceee9b691df&fccid=312c42bfb3b98b50&vjs=3
data scientist,http://au.indeed.com/rc/clk?jk=0720196d439deff3&fccid=9e215d88a6b33622&vjs=3
data scientist,http://au.indeed.com/rc/clk?jk=e0eb09cba853f8cb&fccid=de71a49b535e21cb&vjs=3
data scientist,http://au.indeed.com/rc/clk?jk=4f7e9e9bf0442482&fccid=734e88fca63788fc&vjs=3
data scientist,http://au.indeed.com/rc/clk?jk=d0429b03befc9921&fccid=de71a49b535e21cb&vjs=3
data scientist,http://au.indeed.com/rc/clk?jk=68638a5e6ce753fb&fccid=1544766d4c2915b0&vjs=3
data scientist,http://au.indeed.com/rc/clk?jk=bc7f3706d9e98d24&fccid=1544766d4c2915b0&vjs=3
data scientist,http://au.indeed.com/rc/clk?jk=18eb2257345f6240&fccid=1544766d4c2915b0&vjs=3
data science,http://au.indeed.com/pagead/clk?mo=r&ad=-6NYlbfkN0B6X6E7q_eCV_S7ViPJW3zi8RGDzMI-Dp9Vf8vt2biP40H8IU0Gx0LgfA9GJ4NH85wt-gv4pQ9eQpVsJ2vl23rgJt823GfTP6_5it-UBKdK-IdOuDXZWW9gIgROgrel4sL9TOjgKwVAZqmktz63LeDOQSflugDqfz1c1geRlhqvstJe_jYTpFmbO-FHgF0u6gWeVZ0I0zysUwyyTI0pDN4Y3WS3lCVaUM58dc88VmB00EvAeZ8bGI_E5NzRte6xInUhxUa6cS2lWGTtF1rUlAmxnxamPZFUESav4CzZddI7YETFsp1D_iS0cqstFXcsG1--USyBeXMBWrdAWdK2-hejpGcAY1gaL4emVeOM69L-_nYyo4P4waK8YLOaRAVDY56NLQ5qOWxZGGimwfXZe2GtnRVJeEDcZkEQhZyMYTY0qwiuL8TrG5tJm0r_6NgjcfG9DqDsP5X4f_hMaK-vTSnYgRaWdMlwBRzai9geyrx-0NIX8JCNY92QoJS98Rf8zIuYVbgOkYqAkC4dNpeUnQSC_p3OjIV7L11I2XgWOCjKKj1kvNsb1xEX0_PWIjilqtsT_kXImulYcjNcVIE9EFQ7kRfZamf0eyttPjHBG5OC1gES4UC-SBw7DobL25qeun9Jy44HUMMIrsdy7JvuLuHX-dghL4IrUHx60NpLh9Ebd40cHNrQbPP__CIgXezQtmukaO6NZ0caKBxSdeP1NHQHEemdiwsdLuK_F4F8AqbvJw==&p=0&fvj=0&vjs=3
data science,http://au.indeed.com/rc/clk?jk=6e426ca5c92511d6&fccid=e6d4ba9e2cfe7902&vjs=3
data science,http://au.indeed.com/rc/clk?jk=761f7dcb425841e0&fccid=4c220cb07cbe8f45&vjs=3
data science,http://au.indeed.com/rc/clk?jk=0cabd391afca6dd8&fccid=e6d4ba9e2cfe7902&vjs=3
data science,http://au.indeed.com/rc/clk?jk=fd2a5f5778277d50&fccid=de6ea5e6090aece1&vjs=3
data science,http://au.indeed.com/rc/clk?jk=1c1e875f05393858&fccid=d12adad945f8d28d&vjs=3
data science,http://au.indeed.com/rc/clk?jk=32da78daa69f30e6&fccid=6a1c088ddbe94ecb&vjs=3
data science,http://au.indeed.com/rc/clk?jk=f97f4b65a937725a&fccid=a953c76ff6383ad4&vjs=3
data science,http://au.indeed.com/rc/clk?jk=a1938c1d6eb8cfcb&fccid=a4e4e2eaf26690c9&vjs=3
data science,http://au.indeed.com/rc/clk?jk=afcf685c1029e7fb&fccid=9e215d88a6b33622&vjs=3
data science,http://au.indeed.com/rc/clk?jk=44b0ebfe9b7d15fa&fccid=4cddfb241cb472e6&vjs=3
data science,http://au.indeed.com/rc/clk?jk=581a5c20e9bfce09&fccid=f89deb5a97c7738a&vjs=3
data science,http://au.indeed.com/rc/clk?jk=4c1c3a878345ce23&fccid=f314cd44e89e7e37&vjs=3
data science,http://au.indeed.com/rc/clk?jk=71e0c1464d23771b&fccid=7cfbfbe2c3d013d9&vjs=3
data science,http://au.indeed.com/rc/clk?jk=206ad371f37e71c5&fccid=f314cd44e89e7e37&vjs=3
data science,http://au.indeed.com/rc/clk?jk=c8a6737f37beb938&fccid=41a5a100828398e1&vjs=3
data engineer,http://au.indeed.com/pagead/clk?mo=r&ad=-6NYlbfkN0BwzD9r9mxGERACASwO2M7HYE03o8EU_1lbBAEEFudvSd_fIQ1-rXiBVIu5Outz6_I_Bbf65RjRuan-4zE0z-6iC8iiUPMrNc4YOVuEHpJm9UJaE4e1Kyawvhdn9bjdQ0HRZM8thnFXVllrxq8dI1hkvA3z_AT9qLQMS2Wzm4j4Rx_CxGDLCZgICpRCuVYFT-qVasiLDii-IGjYLPTlbdJAG6HfO2ONB7ElF2C2161m7tZqdBI-y6bra8j_bLDAb43LLoxCT17-nVztVCLEV7rKEtDqMVGl58sH6KdmGQJlpL9vEijg6jaVCxT87qROEVNtm3jKQTLd1oUHubgruooGhVF87ZtnA0CKjDWv0sMcN9FT1LUwQmR05R2YuOh7EQCszMbtsB3bkqcih9-FB8_W63jgpHYRy3XGW5ANDhLWVfIp0N7p1jnCJ47Z4htBZNkZHOXsFSUCi1d3Yempp1nzHVbznSt5hIw=&p=0&fvj=1&vjs=3
data engineer,http://au.indeed.com/pagead/clk?mo=r&ad=-6NYlbfkN0DUZRRfRh9KNMVjcVeN9PdXwhMMpkwm18YyVt1MceCkLSgvSi6UO1QuGl-7n8z3XnR5o9HTtQieRptvlQNtz3y9tK5cSKxNezRifaWtaynfAEPp7N-skvL-hbDSSDdXT3GOhM_XZ_GriZKBPBDvPwtlF6QauZzR4cVKEExLp6AkHBsx5E_wMk3q5cMTqCt2QEFPidfCB1Gzga_J_4HHHA0j85bgQhd1RX7zWWO4fp51BUUMaiYE8sXRkGD9znPOeAAvD6zvM2bJnfxQgXPBeSQVzc8BLY7_DYlJr78UALfqRyIe85UZGGN6IopME70pgF-cq4nZioiTninwFe7jEGTLbjd2Lisdhm6Nk4fMtS_HtQTC9Km3XuqWaCnePA67q4R6cFFv__vWL5eC_EyIEpbpJmT1EgrJ64umQqHRAsT25Qo2uSK4fQbmTcY4BGRxzqGd8HY9D-v1DIX1NZwQCnDSlPKzCo8iO7XmRgMt9reIKC8uTylDzK4-rAbcQPmcDaU=&p=1&fvj=1&vjs=3
data engineer,http://au.indeed.com/pagead/clk?mo=r&ad=-6NYlbfkN0DveHtaohNZTTr4NJ6iQ6LvBAugsddynFItxJfHbw6F-O3gQvnLG9-eGsy0TvdastQwoXMm3zZlptO_2FMhB0O-YIVMsdZf1KmsDgEyWklR90WbcSc8-IA0bwLeimHQpWHkM37b9GlhCg8Q61W6o6AIQlDSh6mC6mbvZHiebt6VUhmWNeZUgzDJ7XDGuXur48HZoZvdpv78SGAiLOpXO_rjnE2koZRFAoBO-WBq7DUsjbHEmKSGnk0l8-m5HEp2H7IsvT6NPw5Rn4Z5ofT08uj10ZXXjYv6Ty-QvezTfUblVzIUQzOPLnKZo7ouryCll-cJbz5dYIZXvztXr6YSfEPYvGde-Bq6imrWMFGp3VXtUWBgUp3ZdPxg21XXJt0-Aos9_0t8eb7jHnCFJTHzykWbaQYUTcQUkkf7Qm4oTQ9JcA==&p=2&fvj=0&vjs=3
data engineer,http://au.indeed.com/pagead/clk?mo=r&ad=-6NYlbfkN0DveHtaohNZTTr4NJ6iQ6LvBAugsddynFItxJfHbw6F-O3gQvnLG9-eGsy0TvdastQFah1zWEhZkrmrrlfVU2M2EHVLhs2r9ImWr2jsxY0fluSYmdDFcQWZU4V65Mjn0IwsvBvbVWn8LMEgIe4MInHKj1xZ4m_4ThLKyDSBl7VMp2HvN69b83ekm6gNIb8hdhp1kI2XZcpaGG-DQzYW-ecbkBh6-d_RUMTIgehVzmbaFQ326dt1PAsfRQn_RyPukj2oK9r00AmNv8_ybTfcgPMdkUFm21HTusnuCx9LOnB6AraWG4gfssDgT5gdwORZhzB5jrPWg0ObCSLWWFZNOpRUmBcJTOeXXjlKLRR8OeZcnoS4q_ecGOj_07XJGYQdy9O5LZAhxxQLUX8puWQaJ079V3Mtzchwzcar9T6eqWR_cw==&p=3&fvj=0&vjs=3
data engineer,http://au.indeed.com/rc/clk?jk=3fe30b6ec1aefab1&fccid=bbeb8e8337c9a1bd&vjs=3
data engineer,http://au.indeed.com/rc/clk?jk=0c7eb76405908514&fccid=105ecfd0283f415f&vjs=3
data engineer,http://au.indeed.com/rc/clk?jk=c6df06b4c8f1b910&fccid=77879ee83a4d5dfa&vjs=3
data engineer,http://au.indeed.com/rc/clk?jk=7727133cab85c855&fccid=ce4a0996733cc229&vjs=3
data engineer,http://au.indeed.com/rc/clk?jk=48c546788df984c2&fccid=7442885bc0fa7c14&vjs=3
data engineer,http://au.indeed.com/rc/clk?jk=ac4d88d3fbfac294&fccid=fe2d21eef233e94a&vjs=3
data engineer,http://au.indeed.com/rc/clk?jk=3ee9f9d45f789dcd&fccid=1ea0475711674f3b&vjs=3
data engineer,http://au.indeed.com/rc/clk?jk=50e1a3e6cd6ad7bc&fccid=de6ea5e6090aece1&vjs=3
data engineer,http://au.indeed.com/rc/clk?jk=414240b01a90b36c&fccid=feb484a8aef310be&vjs=3
data engineer,http://au.indeed.com/rc/clk?jk=715a82f121441149&fccid=363d27976f5fa667&vjs=3
data engineer,http://au.indeed.com/rc/clk?jk=6d7162c959797520&fccid=82d0601cd96921b3&vjs=3
data engineer,http://au.indeed.com/rc/clk?jk=bd46483381d580fb&fccid=93e5617653014982&vjs=3
data engineer,http://au.indeed.com/rc/clk?jk=cac44fa36b4a3811&fccid=e8e73efb8504b651&vjs=3
data engineer,http://au.indeed.com/rc/clk?jk=9c15aa58e2cf5b6b&fccid=76220904bf029f30&vjs=3
data engineer,http://au.indeed.com/rc/clk?jk=53abc93ebf5060f5&fccid=bf4f333dc99b55e9&vjs=3
data engineer,http://au.indeed.com/rc/clk?jk=70ef268c005e684f&fccid=de6ea5e6090aece1&vjs=3
data engineer,http://au.indeed.com/company/Tardis-Group/jobs/Software-Data-Engineer-4ed8f9397ddb1813?fccid=21321508de7c4aa6&vjs=3
data engineer,http://au.indeed.com/rc/clk?jk=581a5c20e9bfce09&fccid=f89deb5a97c7738a&vjs=3
data engineer,http://au.indeed.com/company/SoftLabs-Pty-Ltd/jobs/Data-Engineer-5eb83f0531e73db5?fccid=6e9d8503d7b3ea84&vjs=3
data engineer,http://au.indeed.com/rc/clk?jk=84850a2c68f868fe&fccid=312c42bfb3b98b50&vjs=3
data engineer,http://au.indeed.com/rc/clk?jk=008be620a422ea4b&fccid=312c42bfb3b98b50&vjs=3
data engineer,http://au.indeed.com/rc/clk?jk=6343b23249615c8b&fccid=9e215d88a6b33622&vjs=3
data engineer,http://au.indeed.com/rc/clk?jk=ad2269617eb5574f&fccid=200c1d110e7516f1&vjs=3
data engineer,http://au.indeed.com/rc/clk?jk=7d76a2973ae9d206&fccid=77879ee83a4d5dfa&vjs=3
data engineer,http://au.indeed.com/rc/clk?jk=92108082640d33e1&fccid=3248213ef1b18d90&vjs=3
data engineer,http://au.indeed.com/rc/clk?jk=0a4f286bb6c3a6f2&fccid=9e215d88a6b33622&vjs=3
data engineer,http://au.indeed.com/company/Immutable/jobs/Senior-Data-Engineer-d804322338d2deb6?fccid=213109b9b4c87166&vjs=3
data engineer,http://au.indeed.com/rc/clk?jk=14af64d167637f15&fccid=bf4f333dc99b55e9&vjs=3
data engineer,http://au.indeed.com/rc/clk?jk=86ca4b0ebe385712&fccid=105ecfd0283f415f&vjs=3
data engineer,http://au.indeed.com/rc/clk?jk=59a145c76abb8409&fccid=feaabf8e6a699d3c&vjs=3
data engineer,http://au.indeed.com/rc/clk?jk=4f28742c658e6473&fccid=a71ba7c826202d1b&vjs=3
data engineer,http://au.indeed.com/company/IT-Alliance-Australia/jobs/Data-Engineer-326be146fa4b4215?fccid=15c48d9f36fa370b&vjs=3
data engineer,http://au.indeed.com/rc/clk?jk=e924f13e6e390d70&fccid=958c23dcfb7e66c7&vjs=3
data engineer,http://au.indeed.com/rc/clk?jk=0c8d5fae4112b397&fccid=fe2d21eef233e94a&vjs=3
data engineer,http://au.indeed.com/rc/clk?jk=a7d5c7cb9526dbf8&fccid=558353bb54fb0cc0&vjs=3
data engineer,http://au.indeed.com/rc/clk?jk=5f67d13b64c0bc3b&fccid=fe2d21eef233e94a&vjs=3
data engineer,http://au.indeed.com/rc/clk?jk=a6db7095c064a9bb&fccid=fe2d21eef233e94a&vjs=3
data engineer,http://au.indeed.com/rc/clk?jk=bf0210f1ded2aac3&fccid=fe2d21eef233e94a&vjs=3
data engineer,http://au.indeed.com/rc/clk?jk=4fa7eb24136aebb5&fccid=200a825acadb9338&vjs=3
data engineer,http://au.indeed.com/rc/clk?jk=8d4198a441235675&fccid=5a32d591e92e8995&vjs=3
data engineer,http://au.indeed.com/rc/clk?jk=66dd4278b7a8be15&fccid=5b16841c3468a10d&vjs=3
data engineer,http://au.indeed.com/rc/clk?jk=75dd7f897534c769&fccid=105ecfd0283f415f&vjs=3
data engineer,http://au.indeed.com/rc/clk?jk=71e0c1464d23771b&fccid=7cfbfbe2c3d013d9&vjs=3
data engineer,http://au.indeed.com/rc/clk?jk=cc4f58c01bd9ebbb&fccid=5b16841c3468a10d&vjs=3
data engineer,http://au.indeed.com/rc/clk?jk=673a84b65acbd12d&fccid=8765a4045377753a&vjs=3
data engineer,http://au.indeed.com/rc/clk?jk=a16282db1be9db4b&fccid=4ffed6380dd51657&vjs=3
data engineer,http://au.indeed.com/rc/clk?jk=d0532bda5460d1b5&fccid=b636085f2e122850&vjs=3
data engineer,http://au.indeed.com/rc/clk?jk=63f863d6a4896543&fccid=5b16841c3468a10d&vjs=3
data engineer,http://au.indeed.com/rc/clk?jk=d9242acd325842d0&fccid=1b23558c2e9cb5bd&vjs=3
data engineer,http://au.indeed.com/rc/clk?jk=954d5611dc31292a&fccid=8bbff9e16a869339&vjs=3
data engineer,http://au.indeed.com/pagead/clk?mo=r&ad=-6NYlbfkN0DUZRRfRh9KNMVjcVeN9PdXwhMMpkwm18YyVt1MceCkLSgvSi6UO1QuGl-7n8z3XnR5o9HTtQieRptvlQNtz3y9tK5cSKxNezRifaWtaynfAEPp7N-skvL-hbDSSDdXT3GOhM_XZ_GriZKBPBDvPwtlF6QauZzR4cVKEExLp6AkHBsx5E_wMk3qXHaNtH-Ox8GyCqarcn82IJr2kqrrndqY9w9Y0CmY_3FKZO0SvPI1vC1d6MbS-wjfKmwd4RVdXj6z0UVfXX3iJjY6-PaM3JGfBi326QI2A16PwR5UszR4tUABFkxTZqDdwlXcbMqw5kskwdcfr34whDNEe6ZmeFDJhDmCMWPqD60zcN6drxEUnALlTgaRDEUIAeDLkTX1BOUBFOKYr1z3fei3U5hBrNMWwKMxmVPqXBY37LDhOcX-xdTud6KIv1-cZXrAurjdGpUi_FiZFM96L29iFW0ZUjpjhxHuEDJfjkVwo7swJ0LrqiXD_x12rTDc8ehz0MR_6xU=&p=0&fvj=1&vjs=3
data engineer,http://au.indeed.com/pagead/clk?mo=r&ad=-6NYlbfkN0DveHtaohNZTTr4NJ6iQ6LvBAugsddynFItxJfHbw6F-O3gQvnLG9-eGsy0TvdastQwoXMm3zZlptO_2FMhB0O-YIVMsdZf1KmsDgEyWklR90WbcSc8-IA0bwLeimHQpWHkM37b9GlhCg8Q61W6o6AIQlDSh6mC6mbvZHiebt6VUgC3ar27QKSoLNE213sDU8MZhp7avn175dn9J6K3IiS5z9i6DNaE2HKnI6iL2s6hDYKpaWtd7vkOBEb36sUlRwqOQUi2beaqkwOQmK1t_on7NbVIXkKKgQKqnIyzyfclIycx1WL7pHZ6gqg7GdZwDr6ePIesz2_atD4SJObCoFsV7R3QrBmhfwSBcdDGnq1uSrPFyOe9Me7iG-ad4EldIv5GT6eiVaoj6ewEWgpwU2ne5s0pBLtgBFwFEKUlYjBuOw==&p=1&fvj=0&vjs=3
data engineer,http://au.indeed.com/pagead/clk?mo=r&ad=-6NYlbfkN0DveHtaohNZTTr4NJ6iQ6LvBAugsddynFItxJfHbw6F-O3gQvnLG9-eGsy0TvdastQFah1zWEhZkrmrrlfVU2M2EHVLhs2r9ImWr2jsxY0fluSYmdDFcQWZU4V65Mjn0IwsvBvbVWn8LMEgIe4MInHKj1xZ4m_4ThLKyDSBl7VMp0kTpWwUSO10Oixbwblj_7YO99wo3EsYEU0atxxur1u5CouEaDAg6FLRP8TizRKpYqG_9gcjSsgPeN7tQiyEniIeAAOnFkdPNo1cGZGM1okBEIo89hZ7gq3wBw0iwuVk3dJqD0UmDiOEMVI-mgR5P2lDUy3CE3JKfPECabg6OC0xCQ9D6wR3UvNJwk9RlxB9VEfmN9k-A1fY_Qe4RFTZGeTWiOCbbZaboYb3KILD4TUDLKOqfucbF3pafk_XC0Exfg==&p=2&fvj=0&vjs=3
data engineer,http://au.indeed.com/company/IT-Alliance-Australia/jobs/Azure-Data-Engineer-8f24758ebdc80bf5?fccid=15c48d9f36fa370b&vjs=3
data engineer,http://au.indeed.com/rc/clk?jk=e7c74c4b43c64bca&fccid=d8e9aa2d07ecbdf8&vjs=3
data engineer,http://au.indeed.com/rc/clk?jk=aed5b367ef341e35&fccid=93e5617653014982&vjs=3
data engineer,http://au.indeed.com/rc/clk?jk=5de61e7aa525faf0&fccid=d5e3655b259b8e10&vjs=3
data engineer,http://au.indeed.com/rc/clk?jk=1d956bec767115e2&fccid=93e5617653014982&vjs=3
data engineer,http://au.indeed.com/rc/clk?jk=85f85fb715b68555&fccid=1544766d4c2915b0&vjs=3
data engineer,http://au.indeed.com/rc/clk?jk=9472c695e7ecf7b6&fccid=6649cb7a4d99bb53&vjs=3
data engineer,http://au.indeed.com/rc/clk?jk=b20e32d7c90efcd9&fccid=b920aab5fd60595d&vjs=3
data engineer,http://au.indeed.com/rc/clk?jk=a1d8049f27d5a97a&fccid=5a1a9fb9972c67fd&vjs=3
data engineer,http://au.indeed.com/rc/clk?jk=e1323e7481060741&fccid=65c671d9556962f4&vjs=3
data engineer,http://au.indeed.com/rc/clk?jk=019195c977453cff&fccid=1f72ad7d790416f5&vjs=3
data engineer,http://au.indeed.com/rc/clk?jk=6887e26323bbad14&fccid=c70fbb69945c84e0&vjs=3
data engineer,http://au.indeed.com/rc/clk?jk=6b0556431a0e5935&fccid=c70fbb69945c84e0&vjs=3
data engineer,http://au.indeed.com/rc/clk?jk=5fa2689c88df404e&fccid=c70fbb69945c84e0&vjs=3
data engineer,http://au.indeed.com/rc/clk?jk=825b4e43b25d1c71&fccid=57d1e1f3a00f1a01&vjs=3
data engineer,http://au.indeed.com/pagead/clk?mo=r&ad=-6NYlbfkN0BwzD9r9mxGERACASwO2M7HYE03o8EU_1lbBAEEFudvSd_fIQ1-rXiBVIu5Outz6_I_Bbf65RjRuan-4zE0z-6iC8iiUPMrNc4YOVuEHpJm9UJaE4e1Kyawvhdn9bjdQ0HRZM8thnFXVllrxq8dI1hkvA3z_AT9qLQMS2Wzm4j4Rx_CxGDLCZgIrPSvY0K77fiEdXjH144bvKzVqY_kmAJW0ojB26Gg94cqYNJGRLrgJLSBp8DOlNmJkRzjxbbEDaaEfvjul_36YxdYxFBHysG8GZlXStVvqSklbJWmFERqYvZoX26KPeIq_40-5q4b1ZIlvjSscDCk7ADwmqJLlT6EwPAaAKbXe7QASaOBAXj-r9ArlGpxUN9iyRxG25r5H_oyjwNS0WTJM5WqT-37o-dCdbOLhDmWQwa3yUhquxPjCm70k88kCpU-DCePLCGJxZOprIvoZ-DJ8zmHcxrNKYRyoJTRUe9DRSw=&p=18&fvj=1&vjs=3
database engineer,http://au.indeed.com/rc/clk?jk=c3e22342b56ee1c1&fccid=fe2d21eef233e94a&vjs=3
database engineer,http://au.indeed.com/rc/clk?jk=cc384e5e1f4d604f&fccid=c76eddb380428888&vjs=3
database engineer,http://au.indeed.com/rc/clk?jk=fe5f22c5c1688369&fccid=fe2d21eef233e94a&vjs=3
database engineer,http://au.indeed.com/rc/clk?jk=1a4fe3d38c98e5a1&fccid=fe2d21eef233e94a&vjs=3
database engineer,http://au.indeed.com/rc/clk?jk=db685c35cde9293b&fccid=f92214393686e821&vjs=3
database engineer,http://au.indeed.com/rc/clk?jk=e6d20e22fcfa2865&fccid=7442885bc0fa7c14&vjs=3
database engineer,http://au.indeed.com/rc/clk?jk=6431d40d6e48b092&fccid=c35dc08dee659e21&vjs=3
database engineer,http://au.indeed.com/company/IT-Alliance-Australia/jobs/Database-Engineer-Admin-f6ca89d1ad3b1824?fccid=15c48d9f36fa370b&vjs=3
machine learning,http://au.indeed.com/rc/clk?jk=f9bf22eccb786730&fccid=fe2d21eef233e94a&vjs=3
machine learning,http://au.indeed.com/rc/clk?jk=a4f2be3b8effe21a&fccid=53708619218b979f&vjs=3
machine learning,http://au.indeed.com/rc/clk?jk=14ef8c1d27654deb&fccid=fe2d21eef233e94a&vjs=3
machine learning,http://au.indeed.com/rc/clk?jk=dab9fabc07f8c6cb&fccid=de6ea5e6090aece1&vjs=3
machine learning,http://au.indeed.com/rc/clk?jk=bedef7f67b6cc9de&fccid=cd22d01053af7669&vjs=3
machine learning,http://au.indeed.com/company/Max-Kelsen/jobs/Machine-Learning-Engineer-5fe0f2bf03882ec7?fccid=9f417a77d0ff6637&vjs=3
machine learning,http://au.indeed.com/rc/clk?jk=8da96538c914391c&fccid=f29bfe17a11869dd&vjs=3
machine learning,http://au.indeed.com/rc/clk?jk=61b8b2599181163f&fccid=41e8f9abd9840a7a&vjs=3
machine learning,http://au.indeed.com/rc/clk?jk=225f550065962cb1&fccid=105ecfd0283f415f&vjs=3
machine learning,http://au.indeed.com/rc/clk?jk=2844c9c725ad1414&fccid=8bbff9e16a869339&vjs=3
